Period,Campaign Objective,ap_total_imps,ap_total_reach,ap_total_video_likes,ap_total_clicks,ap_total_share
1/6/2014,Branding Campaign,10912086,2182417.2,872966.88,87296.688,78567.0192
1/13/2014,Branding Campaign,10231860,6139116,1227823.2,122782.32,85947.624
1/20/2014,Branding Campaign,9519178,4759589,1427876.7,285575.34,199902.738
1/27/2014,Branding Campaign,3705699,370569.9,111170.97,11117.097,7781.9679
2/3/2014,Branding Campaign,9695603,4847801.5,1939120.6,193912.06,155129.648
2/10/2014,Branding Campaign,8906979,3562791.6,1781395.8,356279.16,320651.244
2/17/2014,Branding Campaign,7411653,1482330.6,296466.12,29646.612,26681.9508
2/24/2014,Branding Campaign,8259165,2477749.5,1238874.75,247774.95,198219.96
3/3/2014,Branding Campaign,5847489,3508493.4,701698.68,70169.868,49118.9076
3/10/2014,Branding Campaign,8186571,4911942.6,1964777.04,392955.408,353659.8672
3/17/2014,Branding Campaign,5828062,2914031,874209.3,174841.86,139873.488
3/24/2014,Branding Campaign,0,0,0,0,0
3/31/2014,Branding Campaign,6608543,1321708.6,528683.44,105736.688,95163.0192
4/7/2014,Branding Campaign,0,0,0,0,0
4/14/2014,Branding Campaign,11504439,6902663.4,2761065.36,828319.608,496991.7648
4/21/2014,Branding Campaign,5625945,2250378,450075.6,90015.12,63010.584
4/28/2014,Branding Campaign,10241105,6144663,3072331.5,307233.15,276509.835
5/5/2014,Branding Campaign,15524325,9314595,3725838,372583.8,260808.66
5/12/2014,Branding Campaign,19298410,7719364,2315809.2,694742.76,555794.208
5/19/2014,Branding Campaign,5432662,3259597.2,1629798.6,488939.58,440045.622
5/26/2014,Branding Campaign,8750111,2625033.3,787509.99,78750.999,55125.6993
6/2/2014,Branding Campaign,6503622,1300724.4,650362.2,130072.44,117065.196
6/9/2014,Branding Campaign,3055470,1527735,611094,183328.2,109996.92
6/16/2014,Branding Campaign,0,0,0,0,0
6/23/2014,Branding Campaign,0,0,0,0,0
6/30/2014,Branding Campaign,0,0,0,0,0
7/7/2014,Branding Campaign,16726148,5017844.4,1003568.88,100356.888,60214.1328
7/14/2014,Branding Campaign,402,160.8,80.4,8.04,6.432
7/21/2014,Branding Campaign,3248667,974600.1,194920.02,19492.002,13644.4014
7/28/2014,Branding Campaign,2155449,215544.9,43108.98,12932.694,10346.1552
8/4/2014,Branding Campaign,1313728,788236.8,236471.04,47294.208,42564.7872
8/11/2014,Branding Campaign,2863637,286363.7,143181.85,28636.37,25772.733
8/18/2014,Branding Campaign,325,97.5,29.25,8.775,7.02
8/25/2014,Branding Campaign,430,258,103.2,20.64,12.384
9/1/2014,Branding Campaign,704,140.8,28.16,8.448,5.0688
9/8/2014,Branding Campaign,18300302,3660060.4,1098018.12,109801.812,65881.0872
9/15/2014,Branding Campaign,15213692,9128215.2,3651286.08,730257.216,584205.7728
9/22/2014,Branding Campaign,7247411,724741.1,289896.44,86968.932,52181.3592
9/29/2014,Branding Campaign,3131468,1252587.2,250517.44,75155.232,45093.1392
10/6/2014,Branding Campaign,14494397,1449439.7,289887.94,28988.794,20292.1558
10/13/2014,Branding Campaign,13230595,7938357,1587671.4,317534.28,222273.996
10/20/2014,Branding Campaign,17763124,3552624.8,1776312.4,355262.48,213157.488
10/27/2014,Branding Campaign,5316261,1594878.3,637951.32,127590.264,89313.1848
11/3/2014,Branding Campaign,14659929,8795957.4,2638787.22,791636.166,633308.9328
11/10/2014,Branding Campaign,10970829,6582497.4,1974749.22,592424.766,473939.8128
11/17/2014,Branding Campaign,3326546,1330618.4,399185.52,39918.552,35926.6968
11/24/2014,Branding Campaign,25071778,15043066.8,3008613.36,902584.008,722067.2064
12/1/2014,Branding Campaign,29306480,8791944,3516777.6,1055033.28,949529.952
12/8/2014,Branding Campaign,14806586,5922634.4,1184526.88,355358.064,248750.6448
12/15/2014,Branding Campaign,24464832,9785932.8,3914373.12,782874.624,548012.2368
12/22/2014,Branding Campaign,38534317,11560295.1,5780147.55,578014.755,462411.804
12/29/2014,Branding Campaign,33821247,10146374.1,5073187.05,1521956.115,1369760.504
1/5/2015,Branding Campaign,13303858,5321543.2,1064308.64,319292.592,223504.8144
1/12/2015,Branding Campaign,0,0,0,0,0
1/19/2015,Branding Campaign,0,0,0,0,0
1/26/2015,Branding Campaign,0,0,0,0,0
2/2/2015,Branding Campaign,11044687,5522343.5,2761171.75,276117.175,193282.0225
2/9/2015,Branding Campaign,11750888,7050532.8,2820213.12,564042.624,338425.5744
2/16/2015,Branding Campaign,9292861,3717144.4,1858572.2,185857.22,148685.776
2/23/2015,Branding Campaign,10394345,1039434.5,415773.8,41577.38,29104.166
3/2/2015,Branding Campaign,8753955,3501582,1750791,175079.1,105047.46
3/9/2015,Branding Campaign,5295171,2647585.5,1323792.75,132379.275,105903.42
3/16/2015,Branding Campaign,9574044,1914808.8,957404.4,95740.44,67018.308
3/23/2015,Branding Campaign,0,0,0,0,0
3/30/2015,Branding Campaign,0,0,0,0,0
4/6/2015,Branding Campaign,0,0,0,0,0
4/13/2015,Branding Campaign,11504439,5752219.5,1725665.85,172566.585,120796.6095
4/20/2015,Branding Campaign,5625945,1687783.5,337556.7,67511.34,40506.804
4/27/2015,Branding Campaign,10241105,6144663,1843398.9,553019.67,331811.802
5/4/2015,Branding Campaign,15524325,6209730,2483892,496778.4,397422.72
5/11/2015,Branding Campaign,19298410,3859682,1929841,385968.2,231580.92
5/18/2015,Branding Campaign,5432662,1629798.6,651919.44,195575.832,176018.2488
5/18/2015,Pride,8750111,1750022.2,525006.66,157501.998,126001.5984
5/25/2015,Branding Campaign,6503622,1300724.4,260144.88,78043.464,70239.1176
5/25/2015,Pride,3055470,305547,122218.8,12221.88,9777.504
6/1/2015,Branding Campaign,0,0,0,0,0
6/1/2015,July 4th,0,0,0,0,0
6/8/2015,July 4th,0,0,0,0,0
6/8/2015,Branding Campaign,0,0,0,0,0
6/15/2015,Branding Campaign,7628776,1525755.2,305151.04,61030.208,42721.1456
6/15/2015,July 4th,0,0,0,0,0
6/22/2015,Branding Campaign,0,0,0,0,0
6/29/2015,Branding Campaign,22813503,2281350.3,456270.06,91254.012,63877.8084
7/6/2015,Branding Campaign,17641889,7056755.6,2822702.24,564540.448,451632.3584
7/13/2015,New Product Launch,5042406,504240.6,201696.24,20169.624,14118.7368
7/13/2015,Branding Campaign,1286877,257375.4,102950.16,20590.032,16472.0256
7/20/2015,Branding Campaign,18816313,7526525.2,1505305.04,451591.512,316114.0584
7/20/2015,New Product Launch,13231573,7938943.8,2381683.14,714504.942,428702.9652
7/27/2015,Branding Campaign,20461528,8184611.2,3273844.48,654768.896,523815.1168
7/27/2015,New Product Launch,16633323,8316661.5,4158330.75,415833.075,291083.1525
8/3/2015,New Product Launch,17038596,6815438.4,2726175.36,545235.072,327141.0432
8/3/2015,Branding Campaign,21610744,6483223.2,3241611.6,324161.16,194496.696
8/10/2015,Branding Campaign,5157917,2063166.8,618950.04,61895.004,37137.0024
8/10/2015,New Product Launch,16019353,6407741.2,1281548.24,256309.648,230678.6832
8/17/2015,Branding Campaign,0,0,0,0,0
8/17/2015,New Product Launch,15443832,3088766.4,926629.92,92662.992,83396.6928
8/17/2015,Branding Campaign,0,0,0,0,0
8/24/2015,Branding Campaign,6505043,3252521.5,1626260.75,162626.075,146363.4675
8/31/2015,Branding Campaign,23630695,2363069.5,472613.9,47261.39,33082.973
9/7/2015,Branding Campaign,19776493.2,11865895.92,3559768.776,711953.7552,569563.0042
9/14/2015,Branding Campaign,11189354.4,4475741.76,895148.352,268544.5056,241690.055
9/14/2015,Branding Campaign,11763141.6,4705256.64,1411576.992,141157.6992,84694.61952
9/21/2015,Branding Campaign,12867672.6,3860301.78,772060.356,231618.1068,185294.4854
9/21/2015,Branding Campaign,20506224,6151867.2,3075933.6,615186.72,553668.048
9/28/2015,Branding Campaign,19257043.8,11554226.28,4621690.512,1386507.154,1109205.723
9/28/2015,Branding Campaign,8926609.2,1785321.84,714128.736,71412.8736,49989.01152
10/5/2015,Branding Campaign,13749360,4124808,1237442.4,371232.72,296986.176
10/5/2015,Branding Campaign,259848.6,25984.86,10393.944,2078.7888,1455.15216
10/5/2015,Branding Campaign,8236430.4,823643.04,411821.52,41182.152,32945.7216
10/12/2015,Branding Campaign,3927823.8,785564.76,157112.952,47133.8856,32993.71992
10/12/2015,Branding Campaign,8038761,2411628.3,482325.66,144697.698,130227.9282
10/12/2015,Branding Campaign,12410250.6,6205125.3,3102562.65,620512.53,558461.277
10/19/2015,Branding Campaign,8257198.2,2477159.46,495431.892,148629.5676,104040.6973
10/19/2015,Branding Campaign,14923413,5969365.2,2984682.6,895404.78,537242.868
10/19/2015,Branding Campaign,890378.4,445189.2,222594.6,22259.46,15581.622
10/26/2015,Branding Campaign,15928951.2,6371580.48,3185790.24,637158.048,382294.8288
10/26/2015,Branding Campaign,1218384,365515.2,109654.56,32896.368,23027.4576
10/26/2015,Branding Campaign,0,0,0,0,0
11/2/2015,Holiday,1806040.86,903020.43,451510.215,90302.043,72241.6344
11/2/2015,Holiday,32479143.84,9743743.152,2923122.946,584624.5891,467699.6713
11/2/2015,Holiday,0,0,0,0,0
11/9/2015,Holiday,6776426.28,2032927.884,406585.5768,121975.673,97580.53843
11/9/2015,Holiday,0,0,0,0,0
11/9/2015,Holiday,42875568.84,12862670.65,3858801.196,385880.1196,270116.0837
11/16/2015,Holiday,14493808.68,2898761.736,579752.3472,115950.4694,104355.4225
11/16/2015,Holiday,51816679.2,10363335.84,5181667.92,1554500.376,1088150.263
11/23/2015,Holiday,6934000.32,1386800.064,693400.032,138680.0064,97076.00448
11/23/2015,Holiday,9135.36,4567.68,1827.072,182.7072,164.43648
11/30/2015,Holiday,21576784.32,2157678.432,863071.3728,172614.2746,155352.8471
12/7/2015,Holiday,19595684.16,7838273.664,3919136.832,391913.6832,274339.5782
12/7/2015,Holiday,14218832.16,4265649.648,1279694.894,255938.9789,204751.1831
12/14/2015,Holiday,15309529.56,4592858.868,1837143.547,183714.3547,110228.6128
12/14/2015,Holiday,15326858.56,1532685.856,613074.3424,122614.8685,73568.92109
12/21/2015,Holiday,15344187.56,1534418.756,613767.5024,122753.5005,73652.10029
12/21/2015,Holiday,17267351.4,1726735.14,345347.028,34534.7028,27627.76224
12/28/2015,Holiday,21045398.4,8418159.36,1683631.872,505089.5616,454580.6054
1/4/2016,Branding Campaign,3812389.8,1143716.94,457486.776,137246.0328,96072.22296
1/4/2016,Branding Campaign,9587079,4793539.5,1438061.85,287612.37,258851.133
1/11/2016,Branding Campaign,10941039.6,4376415.84,2188207.92,656462.376,525169.9008
1/11/2016,Branding Campaign,5939211.6,593921.16,296960.58,29696.058,23756.8464
1/18/2016,Branding Campaign,6650737.2,665073.72,133014.744,26602.9488,18622.06416
1/18/2016,Branding Campaign,9808853.4,5885312.04,2942656.02,588531.204,411971.8428
1/25/2016,Branding Campaign,6446450.4,2578580.16,1031432.064,309429.6192,185657.7715
1/25/2016,Branding Campaign,21850387.2,13110232.32,3933069.696,786613.9392,550629.7574
2/1/2016,Branding Campaign,6782746.8,678274.68,271309.872,27130.9872,16278.59232
2/1/2016,Branding Campaign,16819286.4,6727714.56,3363857.28,336385.728,302747.1552
2/8/2016,Branding Campaign,7402271.4,2960908.56,592181.712,59218.1712,47374.53696
2/8/2016,Branding Campaign,13795070.4,2759014.08,551802.816,110360.5632,99324.50688
2/15/2016,Others,1890144,567043.2,226817.28,68045.184,61240.6656
2/15/2016,Branding Campaign,7108887,4265332.2,1706132.88,341226.576,272981.2608
2/15/2016,Branding Campaign,2015169.6,201516.96,40303.392,8060.6784,7254.61056
2/15/2016,Branding Campaign,10837545,6502527,1950758.1,585227.43,409659.201
2/22/2016,Branding Campaign,14786967.6,1478696.76,443609.028,88721.8056,62105.26392
2/22/2016,Others,6473452.8,1942035.84,582610.752,58261.0752,40782.75264
2/22/2016,Branding Campaign,12349836,7409901.6,3704950.8,370495.08,222297.048
2/29/2016,Branding Campaign,23003879.4,9201551.76,2760465.528,828139.6584,579697.7609
2/29/2016,Others,3840370.2,1152111.06,230422.212,69126.6636,48388.66452
2/29/2016,Branding Campaign,11999212.2,2399842.44,479968.488,95993.6976,57596.21856
3/7/2016,Branding Campaign,22510779.6,4502155.92,900431.184,270129.3552,162077.6131
3/7/2016,Branding Campaign,12387852,7432711.2,1486542.24,148654.224,104057.9568
3/7/2016,Others,0,0,0,0,0
3/14/2016,Branding Campaign,14176375.2,8505825.12,2551747.536,255174.7536,153104.8522
3/14/2016,Branding Campaign,8319114,1663822.8,665529.12,133105.824,79863.4944
3/21/2016,Branding Campaign,14781244.8,5912497.92,1182499.584,118249.9584,94599.96672
3/21/2016,Branding Campaign,9276972.6,5566183.56,1113236.712,333971.0136,267176.8109
3/28/2016,Branding Campaign,5674172.4,2837086.2,1418543.1,141854.31,85112.586
3/28/2016,Branding Campaign,9596892,1919378.4,767751.36,153550.272,122840.2176
4/4/2016,Branding Campaign,6607306.2,1321461.24,528584.496,158575.3488,126860.279
4/4/2016,Branding Campaign,10367632.2,3110289.66,1555144.83,311028.966,279926.0694
4/4/2016,New Product Launch,3411256.8,1705628.4,511688.52,51168.852,46051.9668
4/4/2016,Pride,5058398.4,3035039.04,1517519.52,303503.904,182102.3424
4/11/2016,Branding Campaign,7614764.4,761476.44,304590.576,30459.0576,21321.34032
4/11/2016,New Product Launch,5599747.2,3359848.32,1343939.328,134393.9328,107515.1462
4/11/2016,New Product Launch,635236.8,190571.04,76228.416,7622.8416,4573.70496
4/11/2016,Pride,7409408.4,1481881.68,444564.504,88912.9008,71130.32064
4/11/2016,Branding Campaign,11486812.2,1148681.22,229736.244,45947.2488,27568.34928
4/18/2016,Pride,2425748.4,242574.84,97029.936,9702.9936,5821.79616
4/18/2016,New Product Launch,1829900.4,1097940.24,548970.12,109794.024,98814.6216
4/18/2016,New Product Launch,1719728.4,515918.52,103183.704,20636.7408,18573.06672
4/18/2016,Branding Campaign,6326449.8,1265289.96,253057.992,75917.3976,60733.91808
4/18/2016,Branding Campaign,11901008.4,4760403.36,1428121.008,285624.2016,228499.3613
4/25/2016,New Product Launch,2283229.8,456645.96,182658.384,54797.5152,43838.01216
4/25/2016,Pride,3353393.4,1006018.02,301805.406,30180.5406,24144.43248
4/25/2016,Branding Campaign,12517639.2,6258819.6,2503527.84,500705.568,400564.4544
4/25/2016,New Product Launch,2298007.8,229800.78,45960.156,9192.0312,7353.62496
4/25/2016,Branding Campaign,7551552,2265465.6,1132732.8,226546.56,181237.248
5/2/2016,Branding Campaign,12882020.4,6441010.2,1288202.04,386460.612,347814.5508
5/2/2016,New Product Launch,2689074.6,1344537.3,268907.46,80672.238,72605.0142
5/2/2016,Branding Campaign,9729945,1945989,778395.6,155679.12,93407.472
5/2/2016,New Product Launch,4615124.4,1384537.32,692268.66,69226.866,62304.1794
5/2/2016,Pride,3564769.8,356476.98,106943.094,32082.9282,28874.63538
5/9/2016,New Product Launch,4453342.2,890668.44,356267.376,106880.2128,85504.17024
5/9/2016,Pride,3647865,1459146,583658.4,175097.52,140078.016
5/9/2016,Branding Campaign,11913568.2,7148140.92,1429628.184,428888.4552,257333.0731
5/9/2016,New Product Launch,5198896.2,1039779.24,207955.848,62386.7544,43670.72808
5/9/2016,Branding Campaign,10676662.2,1067666.22,213533.244,21353.3244,17082.65952
5/16/2016,Pride,4380515.4,1752206.16,350441.232,35044.1232,21026.47392
5/16/2016,Branding Campaign,11845851,4738340.4,947668.08,284300.424,199010.2968
5/16/2016,Pride,18319547.4,9159773.7,3663909.48,1099172.844,769420.9908
5/16/2016,New Product Launch,6793384.2,1358676.84,543470.736,108694.1472,65216.48832
5/16/2016,Branding Campaign,12647679.6,2529535.92,758860.776,227658.2328,204892.4095
5/16/2016,New Product Launch,4537221.6,2722332.96,544466.592,108893.3184,98003.98656
5/16/2016,Others,0,0,0,0,0
5/23/2016,Branding Campaign,3660135,2196081,439216.2,87843.24,79058.916
5/23/2016,Others,0,0,0,0,0
5/23/2016,New Product Launch,1955475.6,391095.12,78219.024,7821.9024,6257.52192
5/23/2016,Pride,0,0,0,0,0
5/23/2016,New Product Launch,10529498.4,6317699.04,2527079.616,758123.8848,606499.1078
5/23/2016,Branding Campaign,3030504.6,1212201.84,606100.92,60610.092,54549.0828
5/30/2016,Branding Campaign,4437594.6,2218797.3,1109398.65,221879.73,155315.811
5/30/2016,Others,0,0,0,0,0
5/30/2016,New Product Launch,3380002.8,338000.28,135200.112,27040.0224,24336.02016
5/30/2016,Branding Campaign,5281314,2640657,528131.4,105626.28,84501.024
6/6/2016,July 4th,10270423,5135211.5,1027042.3,102704.23,61622.538
6/6/2016,July 4th,8135229,4881137.4,976227.48,195245.496,156196.3968
6/6/2016,July 4th,9485701,1897140.2,379428.04,75885.608,53119.9256
6/6/2016,July 4th,0,0,0,0,0
6/13/2016,July 4th,9927884,1985576.8,794230.72,238269.216,142961.5296
6/13/2016,July 4th,0,0,0,0,0
6/13/2016,July 4th,10368718,3110615.4,933184.62,279955.386,195968.7702
6/13/2016,July 4th,7129109,3564554.5,712910.9,142582.18,85549.308
6/20/2016,July 4th,16838611,6735444.4,3367722.2,336772.22,303094.998
6/20/2016,July 4th,4892006,2446003,1223001.5,366900.45,330210.405
6/20/2016,July 4th,226797,45359.4,22679.7,6803.91,4762.737
6/20/2016,July 4th,8165622,3266248.8,653249.76,65324.976,52259.9808
6/27/2016,July 4th,17555931,5266779.3,2106711.72,632013.516,505610.8128
6/27/2016,July 4th,266072,26607.2,10642.88,2128.576,1490.0032
6/27/2016,July 4th,7563346,756334.6,302533.84,90760.152,63532.1064
6/27/2016,July 4th,7236551,2894620.4,1447310.2,434193.06,260515.836
7/4/2016,July 4th,16792238,1679223.8,335844.76,33584.476,30226.0284
7/4/2016,July 4th,4580438,458043.8,229021.9,45804.38,41223.942
7/4/2016,July 4th,9308552,1861710.4,372342.08,111702.624,78191.8368
7/4/2016,July 4th,245316,147189.6,73594.8,22078.44,13247.064
7/4/2016,July 4th,6582348,658234.8,329117.4,98735.22,69114.654
7/11/2016,July 4th,7450538,3725269,1490107.6,149010.76,134109.684
7/11/2016,July 4th,253430,101372,30411.6,9123.48,8211.132
7/11/2016,July 4th,9791106,3916442.4,1174932.72,352479.816,317231.8344
7/11/2016,July 4th,17080299,10248179.4,4099271.76,409927.176,368934.4584
7/11/2016,July 4th,4609229,2765537.4,1382768.7,414830.61,248898.366
7/18/2016,Branding Campaign,8223646,4934187.6,1480256.28,148025.628,88815.3768
7/18/2016,New Product Launch,10907487,5453743.5,2181497.4,436299.48,305409.636
7/18/2016,New Product Launch,2791395,837418.5,334967.4,33496.74,20098.044
7/18/2016,New Product Launch,6609905,660990.5,132198.1,26439.62,21151.696
7/18/2016,Branding Campaign,6702420,2680968,536193.6,160858.08,144772.272
7/18/2016,Others,59326,23730.4,7119.12,1423.824,1281.4416
7/25/2016,New Product Launch,0,0,0,0,0
7/25/2016,Branding Campaign,7569855,3027942,1211176.8,363353.04,218011.824
7/25/2016,New Product Launch,0,0,0,0,0
7/25/2016,New Product Launch,13386638,8031982.8,4015991.4,803198.28,642558.624
7/25/2016,Branding Campaign,14690870,7345435,3672717.5,367271.75,330544.575
8/1/2016,New Product Launch,11619247,2323849.4,464769.88,139430.964,111544.7712
8/1/2016,Branding Campaign,16961100,5088330,1526499,152649.9,122119.92
8/1/2016,Branding Campaign,10127465,2025493,1012746.5,101274.65,91147.185
8/1/2016,New Product Launch,0,0,0,0,0
8/8/2016,New Product Launch,10397776,2079555.2,1039777.6,207955.52,166364.416
8/8/2016,Branding Campaign,19589481,3917896.2,1175368.86,117536.886,94029.5088
8/8/2016,Branding Campaign,11163450,4465380,1786152,357230.4,285784.32
8/15/2016,Branding Campaign,11545377,3463613.1,1731806.55,519541.965,363679.3755
8/15/2016,Branding Campaign,17924429,3584885.8,1433954.32,286790.864,172074.5184
8/15/2016,New Product Launch,9425224,1885044.8,942522.4,94252.24,56551.344
8/22/2016,New Product Launch,4,1.6,0.64,0.192,0.1344
8/22/2016,Branding Campaign,6123383,1837014.9,367402.98,110220.894,77154.6258
8/22/2016,Branding Campaign,13318007,3995402.1,799080.42,159816.084,127852.8672
8/29/2016,Branding Campaign,15980101,7990050.5,3196020.2,319602.02,287641.818
8/29/2016,Branding Campaign,0,0,0,0,0
8/29/2016,Branding Campaign,11182230,4472892,894578.4,268373.52,187861.464
9/5/2016,Branding Campaign,16545831,1654583.1,496374.93,49637.493,44673.7437
9/5/2016,Branding Campaign,10340927,5170463.5,2585231.75,517046.35,310227.81
9/12/2016,Branding Campaign,16173265,1617326.5,808663.25,242598.975,145559.385
9/12/2016,Branding Campaign,10041614,2008322.8,803329.12,80332.912,48199.7472
9/19/2016,Branding Campaign,16226490,3245298,1622649,486794.7,292076.82
9/19/2016,Branding Campaign,9665450,3866180,1159854,347956.2,278364.96
9/19/2016,New Product Launch,3805557,1141667.1,456666.84,45666.684,27400.0104
9/26/2016,Branding Campaign,16741509,8370754.5,3348301.8,1004490.54,602694.324
9/26/2016,New Product Launch,7715725,3086290,1543145,308629,216040.3
9/26/2016,Branding Campaign,9725787,1945157.4,972578.7,97257.87,77806.296
10/3/2016,New Product Launch,7062792,3531396,1765698,353139.6,247197.72
10/3/2016,Branding Campaign,8969931,3587972.4,1435188.96,287037.792,229630.2336
10/3/2016,Branding Campaign,15837816,7918908,2375672.4,237567.24,190053.792
10/10/2016,Branding Campaign,9916938,991693.8,495846.9,49584.69,39667.752
10/10/2016,New Product Launch,7228521,722852.1,289140.84,57828.168,52045.3512
10/10/2016,Branding Campaign,6659022,1997706.6,998853.3,199770.66,119862.396
10/17/2016,Branding Campaign,5646747,1129349.4,225869.88,22586.988,20328.2892
10/17/2016,Branding Campaign,11322798,1132279.8,339683.94,67936.788,61143.1092
10/17/2016,New Product Launch,7215351,3607675.5,1803837.75,360767.55,252537.285
10/24/2016,New Product Launch,7517301,2255190.3,451038.06,135311.418,94717.9926
10/24/2016,Branding Campaign,5408971,1081794.2,432717.68,86543.536,51926.1216
10/24/2016,Branding Campaign,10711783,3213534.9,1285413.96,385624.188,347061.7692
10/31/2016,New Product Launch,5154938,515493.8,206197.52,61859.256,43301.4792
10/31/2016,Branding Campaign,8503367,4251683.5,1275505.05,127550.505,76530.303
10/31/2016,Branding Campaign,7503043,2250912.9,900365.16,90036.516,63025.5612
11/7/2016,Holiday,1264560,379368,75873.6,22762.08,18209.664
11/7/2016,Holiday,18972052,7588820.8,3794410.4,379441.04,265608.728
11/7/2016,Holiday,39826172,7965234.4,2389570.32,238957.032,167269.9224
11/7/2016,Holiday,29367984,2936798.4,1468399.2,293679.84,264311.856
11/14/2016,Holiday,57104160,28552080,5710416,571041.6,456833.28
11/14/2016,Holiday,2742128,1645276.8,658110.72,197433.216,177689.8944
11/14/2016,Holiday,23317884,9327153.6,4663576.8,466357.68,326450.376
11/14/2016,Holiday,39070372,23442223.2,9376889.28,2813066.784,2531760.106
11/21/2016,Holiday,2323376,464675.2,185870.08,18587.008,13010.9056
11/21/2016,Holiday,3441100,1032330,309699,30969.9,21678.93
11/21/2016,Holiday,5962396,3577437.6,1073231.28,321969.384,289772.4456
11/21/2016,Holiday,27671836,16603101.6,6641240.64,1992372.192,1394660.534
11/21/2016,Holiday,12811612,3843483.6,1921741.8,576522.54,403565.778
11/28/2016,Holiday,2848652,1424326,284865.2,85459.56,76913.604
11/28/2016,Holiday,0,0,0,0,0
11/28/2016,Holiday,29364176,5872835.2,1761850.56,176185.056,158566.5504
12/5/2016,Holiday,10470168,1047016.8,523508.4,157052.52,125642.016
12/5/2016,Holiday,30698564,15349282,6139712.8,1841913.84,1105148.304
12/5/2016,Holiday,0,0,0,0,0
12/12/2016,Holiday,9183276,918327.6,183665.52,55099.656,44079.7248
12/12/2016,Holiday,44987544,4498754.4,899750.88,89975.088,71980.0704
12/12/2016,Holiday,0,0,0,0,0
12/19/2016,Holiday,50495000,5049500,2019800,403960,282772
12/19/2016,Holiday,0,0,0,0,0
12/19/2016,Holiday,5023672,2009468.8,803787.52,80378.752,48227.2512
12/26/2016,Holiday,41911348,8382269.6,4191134.8,419113.48,293379.436
1/2/2017,New Product Launch,10912086,4364834.4,1309450.32,130945.032,91661.5224
1/9/2017,New Product Launch,10231860,2046372,409274.4,40927.44,24556.464
1/16/2017,New Product Launch,9519178,951917.8,190383.56,38076.712,22846.0272
1/23/2017,Holiday,3705699,370569.9,148227.96,29645.592,26681.0328
1/23/2017,New Product Launch,9695603,2908680.9,1454340.45,290868.09,203607.663
1/30/2017,New Product Launch,8906979,3562791.6,1425116.64,285023.328,171013.9968
1/30/2017,Holiday,7411653,4446991.8,889398.36,88939.836,80045.8524
2/6/2017,New Product Launch,8259165,3303666,991099.8,297329.94,178397.964
2/6/2017,Holiday,5847489,1169497.8,584748.9,175424.67,140339.736
2/13/2017,New Product Launch,8186571,1637314.2,818657.1,163731.42,114611.994
2/13/2017,Holiday,5828062,582806.2,233122.48,46624.496,37299.5968
2/20/2017,Holiday,0,0,0,0,0
2/20/2017,Others,6608543,2643417.2,1057366.88,105736.688,74015.6816
2/20/2017,New Product Launch,8525553,4262776.5,1705110.6,170511.06,136408.848
2/27/2017,New Product Launch,7262457,1452491.4,726245.7,72624.57,43574.742
2/27/2017,Others,6072015,607201.5,182160.45,54648.135,32788.881
3/6/2017,New Product Launch,6196936,2478774.4,495754.88,49575.488,34702.8416
3/6/2017,Others,5757594,2303037.6,1151518.8,115151.88,103636.692
3/13/2017,Others,5272551,2109020.4,421804.08,126541.224,75924.7344
3/13/2017,New Product Launch,6492727,1947818.1,779127.24,155825.448,93495.2688
3/20/2017,Others,1582923,791461.5,158292.3,31658.46,18995.076
3/20/2017,New Product Launch,6648000,2659200,1063680,212736,148915.2
3/27/2017,New Product Launch,7719929,2315978.7,463195.74,138958.722,97271.1054
3/27/2017,New Product Launch,1483431,593372.4,296686.2,59337.24,53403.516
3/27/2017,Others,3772143,2263285.8,905314.32,181062.864,144850.2912
3/27/2017,New Product Launch,6152557,1845767.1,369153.42,73830.684,51681.4788
4/3/2017,New Product Launch,1732467,346493.4,173246.7,51974.01,41579.208
4/3/2017,New Product Launch,5820648,2328259.2,465651.84,93130.368,55878.2208
4/3/2017,New Product Launch,9787437,2936231.1,587246.22,117449.244,70469.5464
4/3/2017,Pride,2620314,524062.8,157218.84,15721.884,12577.5072
4/3/2017,Others,3890889,778177.8,389088.9,77817.78,70036.002
4/10/2017,New Product Launch,5294288,2117715.2,1058857.6,105885.76,74120.032
4/10/2017,Others,4201752,2521051.2,1260525.6,378157.68,340341.912
4/10/2017,Pride,4425528,442552.8,221276.4,44255.28,35404.224
4/10/2017,New Product Launch,1620309,486092.7,194437.08,38887.416,27221.1912
4/10/2017,New Product Launch,9197015,919701.5,459850.75,91970.15,55182.09
4/17/2017,Others,5822057,3493234.2,698646.84,209594.052,146715.8364
4/17/2017,New Product Launch,9615829,961582.9,384633.16,76926.632,53848.6424
4/17/2017,New Product Launch,1483879,890327.4,445163.7,133549.11,80129.466
4/17/2017,New Product Launch,5323851,2129540.4,425908.08,127772.424,102217.9392
4/17/2017,Pride,5401706,2160682.4,864272.96,259281.888,181497.3216
4/24/2017,New Product Launch,10324874,5162437,2064974.8,619492.44,433644.708
4/24/2017,Others,4468966,893793.2,357517.28,107255.184,85804.1472
4/24/2017,New Product Launch,1568126,313625.2,94087.56,18817.512,15054.0096
4/24/2017,New Product Launch,4683185,468318.5,93663.7,28099.11,22479.288
4/24/2017,Pride,8157810,815781,407890.5,40789.05,32631.24
5/1/2017,Pride,6756116,675611.6,135122.32,27024.464,24322.0176
5/1/2017,New Product Launch,4254756,2127378,850951.2,255285.36,229756.824
5/1/2017,New Product Launch,1434247,143424.7,71712.35,14342.47,11473.976
5/1/2017,Others,2943476,1766085.6,529825.68,52982.568,42386.0544
5/1/2017,New Product Launch,12527248,1252724.8,626362.4,125272.48,75163.488
5/8/2017,New Product Launch,9262545,926254.5,463127.25,138938.175,125044.3575
5/8/2017,Pride,8110502,811050.2,162210.04,16221.004,12976.8032
5/8/2017,New Product Launch,1442809,288561.8,144280.9,14428.09,11542.472
5/8/2017,Others,7595434,4557260.4,2278630.2,455726.04,273435.624
5/8/2017,New Product Launch,4355841,435584.1,130675.23,39202.569,27441.7983
5/15/2017,New Product Launch,5623996,1687198.8,843599.4,168719.88,118103.916
5/15/2017,New Product Launch,1363780,409134,204567,20456.7,16365.36
5/15/2017,Others,9804379,980437.9,196087.58,39217.516,23530.5096
5/15/2017,New Product Launch,9305912,4652956,2326478,232647.8,186118.24
5/15/2017,Pride,8152100,1630420,326084,32608.4,19565.04
5/22/2017,Pride,17794437,5338331.1,2135332.44,213533.244,149473.2708
5/22/2017,New Product Launch,7300859,2190257.7,438051.54,43805.154,30663.6078
5/29/2017,Pride,19743085,3948617,1974308.5,592292.55,355375.53
5/22/2017,New Product Launch,30532579,9159773.7,2747932.11,274793.211,247313.8899
6/5/2017,Branding Campaign,22644614,9057845.6,2717353.68,815206.104,652164.8832
6/12/2017,July 4th,42158932,25295359.2,10118143.68,2023628.736,1416540.115
6/19/2017,July 4th,15124072,4537221.6,2268610.8,680583.24,612524.916
6/26/2017,July 4th,14044066,8426439.6,3370575.84,337057.584,269646.0672
6/26/2017,July 4th,13244060,2648812,529762.4,52976.24,42380.992
7/3/2017,July 4th,12200450,3660135,732027,219608.1,153725.67
7/10/2017,July 4th,12800450,5120180,1536054,460816.2,322571.34
7/17/2017,Branding Campaign,6518252,3910951.2,1564380.48,156438.048,93862.8288
7/24/2017,Branding Campaign,6638252,2655300.8,796590.24,238977.072,215079.3648
7/31/2017,Branding Campaign,35098328,10529498.4,3158849.52,947654.856,852889.3704
8/7/2017,Branding Campaign,10101682,2020336.4,808134.56,80813.456,48488.0736
8/14/2017,Branding Campaign,14791982,2958396.4,1183358.56,355007.568,248505.2976
8/21/2017,Branding Campaign,0,0,0,0,0
8/28/2017,Branding Campaign,11266676,2253335.2,1126667.6,338000.28,236600.196
9/4/2017,Branding Campaign,17604380,1760438,704175.2,140835.04,126751.536
9/11/2017,Branding Campaign,20540846,12324507.6,3697352.28,1109205.684,998285.1156
9/18/2017,Branding Campaign,16270458,4881137.4,1952454.96,390490.992,351441.8928
9/25/2017,Branding Campaign,18971402,1897140.2,948570.1,284571.03,199199.721
10/2/2017,Branding Campaign,0,0,0,0,0
10/9/2017,Branding Campaign,19855768,9927884,3971153.6,1191346.08,1072211.472
10/16/2017,Branding Campaign,0,0,0,0,0
10/23/2017,Branding Campaign,20737436,2073743.6,414748.72,82949.744,49769.8464
10/30/2017,Branding Campaign,14258218,5703287.2,1140657.44,114065.744,68439.4464
11/6/2017,Holiday,39157488,7831497.6,1566299.52,156629.952,93977.9712
11/13/2017,Holiday,32429356.8,19457614.08,7783045.632,1556609.126,1089626.388
11/20/2017,Holiday,20422828.8,10211414.4,2042282.88,408456.576,367610.9184
11/27/2017,Holiday,6884385.6,2065315.68,619594.704,61959.4704,43371.62928
12/4/2017,Holiday,14128684.8,8477210.88,3390884.352,339088.4352,271270.7482
12/11/2017,Holiday,60130790.4,18039237.12,5411771.136,1623531.341,1298825.073
12/18/2017,Holiday,84172550.4,33669020.16,10100706.05,2020141.21,1818127.089
12/25/2017,Holiday,32429356.8,19457614.08,9728807.04,2918642.112,2334913.69