Week,Competitor Name,Competitive Media Spend
1/6/2014,Competitor 2,3033.075967
1/6/2014,Competitor 3,6066.212016
1/6/2014,Competitor 4,5459.560774
1/6/2014,Competitor 5,4852.969613
1/6/2014,Competitor 6,3639.72721
1/6/2014,Competitor 7,3943.02279
1/6/2014,Competitor 1,3336.43163
1/13/2014,Competitor 2,3033.128523
1/13/2014,Competitor 3,6066.2
1/13/2014,Competitor 4,5459.562886
1/13/2014,Competitor 5,4852.982819
1/13/2014,Competitor 6,3639.708591
1/13/2014,Competitor 7,3943.027148
1/13/2014,Competitor 1,3336.390034
1/20/2014,Competitor 2,3033.1
1/20/2014,Competitor 3,6066.2
1/20/2014,Competitor 4,5459.568606
1/20/2014,Competitor 5,4852.937211
1/20/2014,Competitor 6,3639.731394
1/20/2014,Competitor 7,3943.047091
1/20/2014,Competitor 1,3336.415697
1/27/2014,Competitor 2,3033.105402
1/27/2014,Competitor 3,6066.210805
1/27/2014,Competitor 4,5459.589724
1/27/2014,Competitor 5,4852.968644
1/27/2014,Competitor 6,3639.726483
1/27/2014,Competitor 7,3943.010012
1/27/2014,Competitor 1,3336.388931
2/3/2014,Competitor 2,2519.895133
2/3/2014,Competitor 3,5039.790266
2/3/2014,Competitor 4,4535.811239
2/3/2014,Competitor 5,4031.832213
2/3/2014,Competitor 6,3023.87416
2/3/2014,Competitor 7,3275.888008
2/3/2014,Competitor 1,2771.908981
2/10/2014,Competitor 2,2519.895554
2/10/2014,Competitor 3,5039.791107
2/10/2014,Competitor 4,4535.829782
2/10/2014,Competitor 5,4031.823993
2/10/2014,Competitor 6,3023.901343
2/10/2014,Competitor 7,3275.882005
2/10/2014,Competitor 1,2771.876216
2/17/2014,Competitor 2,2519.904802
2/17/2014,Competitor 3,5039.809604
2/17/2014,Competitor 4,4535.828644
2/17/2014,Competitor 5,4031.847683
2/17/2014,Competitor 6,3023.885763
2/17/2014,Competitor 7,3275.852232
2/17/2014,Competitor 1,2771.871272
2/24/2014,Competitor 2,2519.886089
2/24/2014,Competitor 3,5039.818548
2/24/2014,Competitor 4,4535.822782
2/24/2014,Competitor 5,4031.827016
2/24/2014,Competitor 6,3023.881855
2/24/2014,Competitor 7,3275.856553
2/24/2014,Competitor 1,2771.907157
3/3/2014,Competitor 2,2519.914756
3/3/2014,Competitor 3,5039.780325
3/3/2014,Competitor 4,4535.807211
3/3/2014,Competitor 5,4031.834098
3/3/2014,Competitor 6,3023.88787
3/3/2014,Competitor 7,3275.874427
3/3/2014,Competitor 1,2771.901313
3/10/2014,Competitor 2,2519.886883
3/10/2014,Competitor 3,5039.81749
3/10/2014,Competitor 4,4535.805134
3/10/2014,Competitor 5,4031.836502
3/10/2014,Competitor 6,3023.899239
3/10/2014,Competitor 7,3275.883555
3/10/2014,Competitor 1,2771.871198
3/17/2014,Competitor 2,2519.914212
3/17/2014,Competitor 3,5039.78105
3/17/2014,Competitor 4,4535.817158
3/17/2014,Competitor 5,4031.853265
3/17/2014,Competitor 6,3023.878105
3/17/2014,Competitor 7,3275.860051
3/17/2014,Competitor 1,2771.896159
3/24/2014,Competitor 2,2519.9
3/24/2014,Competitor 3,5039.8
3/24/2014,Competitor 4,4535.82
3/24/2014,Competitor 5,4031.84
3/24/2014,Competitor 6,3023.88
3/24/2014,Competitor 7,3275.87
3/24/2014,Competitor 1,2771.89
3/31/2014,Competitor 2,2519.89526
3/31/2014,Competitor 3,5039.79052
3/31/2014,Competitor 4,4535.801989
3/31/2014,Competitor 5,4031.860855
3/31/2014,Competitor 6,3023.883792
3/31/2014,Competitor 7,3275.854358
3/31/2014,Competitor 1,2771.913225
4/7/2014,Competitor 2,2845.705279
4/7/2014,Competitor 3,5691.410558
4/7/2014,Competitor 4,5122.237829
4/7/2014,Competitor 5,4553.117888
4/7/2014,Competitor 6,3414.825219
4/7/2014,Competitor 7,3699.411584
4/7/2014,Competitor 1,3130.291644
4/14/2014,Competitor 2,2845.705673
4/14/2014,Competitor 3,5691.411346
4/14/2014,Competitor 4,5122.258865
4/14/2014,Competitor 5,4553.106385
4/14/2014,Competitor 6,3414.858153
4/14/2014,Competitor 7,3699.406029
4/14/2014,Competitor 1,3130.253549
4/21/2014,Competitor 2,2845.7
4/21/2014,Competitor 3,5691.4
4/21/2014,Competitor 4,5122.270546
4/21/2014,Competitor 5,4553.088361
4/21/2014,Competitor 6,3414.829454
4/21/2014,Competitor 7,3699.420546
4/21/2014,Competitor 1,3130.291093
4/28/2014,Competitor 2,2845.726925
4/28/2014,Competitor 3,5691.4
4/28/2014,Competitor 4,5122.254615
4/28/2014,Competitor 5,4553.10923
4/28/2014,Competitor 6,3414.81846
4/28/2014,Competitor 7,3699.418078
4/28/2014,Competitor 1,3130.272693
5/5/2014,Competitor 2,2018.181462
5/5/2014,Competitor 3,4036.4
5/5/2014,Competitor 4,3632.763708
5/5/2014,Competitor 5,3229.127415
5/5/2014,Competitor 6,2421.85483
5/5/2014,Competitor 7,2623.654439
5/5/2014,Competitor 1,2220.018146
5/12/2014,Competitor 2,2018.207813
5/12/2014,Competitor 3,4036.415626
5/12/2014,Competitor 4,3632.758437
5/12/2014,Competitor 5,3229.101249
5/12/2014,Competitor 6,2421.825937
5/12/2014,Competitor 7,2623.674063
5/12/2014,Competitor 1,2220.016875
5/19/2014,Competitor 2,2018.203687
5/19/2014,Competitor 3,4036.407375
5/19/2014,Competitor 4,3632.774012
5/19/2014,Competitor 5,3229.103775
5/19/2014,Competitor 6,2421.83705
5/19/2014,Competitor 7,2623.653731
5/19/2014,Competitor 1,2220.020369
5/26/2014,Competitor 2,2018.203382
5/26/2014,Competitor 3,4036.406764
5/26/2014,Competitor 4,3632.766088
5/26/2014,Competitor 5,3229.125411
5/26/2014,Competitor 6,2421.844058
5/26/2014,Competitor 7,2623.647487
5/26/2014,Competitor 1,2220.00681
6/2/2014,Competitor 2,3245.01781
6/2/2014,Competitor 3,6489.976254
6/2/2014,Competitor 4,5840.996438
6/2/2014,Competitor 5,5192.016622
6/2/2014,Competitor 6,3893.997625
6/2/2014,Competitor 7,4218.487533
6/2/2014,Competitor 1,3569.507717
6/9/2014,Competitor 2,3244.993664
6/9/2014,Competitor 3,6489.987328
6/9/2014,Competitor 4,5841.001267
6/9/2014,Competitor 5,5192.015206
6/9/2014,Competitor 6,3893.979725
6/9/2014,Competitor 7,4218.504435
6/9/2014,Competitor 1,3569.518374
6/16/2014,Competitor 2,3245
6/16/2014,Competitor 3,6490
6/16/2014,Competitor 4,5841.012038
6/16/2014,Competitor 5,5192.024077
6/16/2014,Competitor 6,3893.987962
6/16/2014,Competitor 7,4218.481942
6/16/2014,Competitor 1,3569.493981
6/23/2014,Competitor 2,3244.975254
6/23/2014,Competitor 3,6490.012373
6/23/2014,Competitor 4,5840.980203
6/23/2014,Competitor 5,5192.009898
6/23/2014,Competitor 6,3894.007424
6/23/2014,Competitor 7,4218.492576
6/23/2014,Competitor 1,3569.522272
6/30/2014,Competitor 2,3245
6/30/2014,Competitor 3,6490
6/30/2014,Competitor 4,5841.012502
6/30/2014,Competitor 5,5192.025004
6/30/2014,Competitor 6,3893.987498
6/30/2014,Competitor 7,4218.481247
6/30/2014,Competitor 1,3569.493749
7/7/2014,Competitor 2,1524.802588
7/7/2014,Competitor 3,3049.605175
7/7/2014,Competitor 4,2744.644658
7/7/2014,Competitor 5,2439.68414
7/7/2014,Competitor 6,1829.763105
7/7/2014,Competitor 7,1982.230426
7/7/2014,Competitor 1,1677.269908
7/14/2014,Competitor 2,1524.802603
7/14/2014,Competitor 3,3049.605205
7/14/2014,Competitor 4,2744.634274
7/14/2014,Competitor 5,2439.689369
7/14/2014,Competitor 6,1829.747508
7/14/2014,Competitor 7,1982.232973
7/14/2014,Competitor 1,1677.288068
7/21/2014,Competitor 2,1524.797549
7/21/2014,Competitor 3,3049.595098
7/21/2014,Competitor 4,2744.635588
7/21/2014,Competitor 5,2439.676079
7/21/2014,Competitor 6,1829.757059
7/21/2014,Competitor 7,1982.249068
7/21/2014,Competitor 1,1677.289558
7/28/2014,Competitor 2,1524.8
7/28/2014,Competitor 3,3049.6
7/28/2014,Competitor 4,2744.64
7/28/2014,Competitor 5,2439.68
7/28/2014,Competitor 6,1829.76
7/28/2014,Competitor 7,1982.24
7/28/2014,Competitor 1,1677.28
8/4/2014,Competitor 2,2014.996765
8/4/2014,Competitor 3,4029.99353
8/4/2014,Competitor 4,3627.007116
8/4/2014,Competitor 5,3223.988355
8/4/2014,Competitor 6,2418.015527
8/4/2014,Competitor 7,2619.508734
8/4/2014,Competitor 1,2216.489972
8/11/2014,Competitor 2,2014.993016
8/11/2014,Competitor 3,4029.986032
8/11/2014,Competitor 4,3627.001397
8/11/2014,Competitor 5,3224.016762
8/11/2014,Competitor 6,2418.012571
8/11/2014,Competitor 7,2619.504889
8/11/2014,Competitor 1,2216.485333
8/18/2014,Competitor 2,2015
8/18/2014,Competitor 3,4030
8/18/2014,Competitor 4,3626.993204
8/18/2014,Competitor 5,3223.986408
8/18/2014,Competitor 6,2418.006796
8/18/2014,Competitor 7,2619.510194
8/18/2014,Competitor 1,2216.503398
8/25/2014,Competitor 2,2015.014752
8/25/2014,Competitor 3,4029.992624
8/25/2014,Competitor 4,3626.99705
8/25/2014,Competitor 5,3224.001475
8/25/2014,Competitor 6,2418.010327
8/25/2014,Competitor 7,2619.489673
8/25/2014,Competitor 1,2216.494099
9/1/2014,Competitor 2,3252.51177
9/1/2014,Competitor 3,6505.02354
9/1/2014,Competitor 4,5854.497646
9/1/2014,Competitor 5,5203.971752
9/1/2014,Competitor 6,3902.978814
9/1/2014,Competitor 7,4228.241761
9/1/2014,Competitor 1,3577.774717
9/8/2014,Competitor 2,3252.530615
9/8/2014,Competitor 3,6505
9/8/2014,Competitor 4,5854.493877
9/8/2014,Competitor 5,5203.987754
9/8/2014,Competitor 6,3902.975508
9/8/2014,Competitor 7,4228.22857
9/8/2014,Competitor 1,3577.783676
9/15/2014,Competitor 2,3252.493779
9/15/2014,Competitor 3,6504.987558
9/15/2014,Competitor 4,5854.526128
9/15/2014,Competitor 5,5204.002488
9/15/2014,Competitor 6,3903.017419
9/15/2014,Competitor 7,4228.248134
9/15/2014,Competitor 1,3577.724494
9/22/2014,Competitor 2,3252.5
9/22/2014,Competitor 3,6505
9/22/2014,Competitor 4,5854.476145
9/22/2014,Competitor 5,5204.011927
9/22/2014,Competitor 6,3903.023855
9/22/2014,Competitor 7,4228.226145
9/22/2014,Competitor 1,3577.761927
9/29/2014,Competitor 2,3252.494091
9/29/2014,Competitor 3,6504.988182
9/29/2014,Competitor 4,5854.489364
9/29/2014,Competitor 5,5203.990546
9/29/2014,Competitor 6,3902.992909
9/29/2014,Competitor 7,4228.271863
9/29/2014,Competitor 1,3577.773044
10/6/2014,Competitor 2,3523.472988
10/6/2014,Competitor 3,7047.013506
10/6/2014,Competitor 4,6342.278391
10/6/2014,Competitor 5,5637.610805
10/6/2014,Competitor 6,4228.208104
10/6/2014,Competitor 7,4580.575661
10/6/2014,Competitor 1,3875.840546
10/13/2014,Competitor 2,3523.514258
10/13/2014,Competitor 3,7047.028515
10/13/2014,Competitor 4,6342.268633
10/13/2014,Competitor 5,5637.580039
10/13/2014,Competitor 6,4228.202852
10/13/2014,Competitor 7,4580.582793
10/13/2014,Competitor 1,3875.82291
10/20/2014,Competitor 2,3523.52045
10/20/2014,Competitor 3,7046.972733
10/20/2014,Competitor 4,6342.323177
10/20/2014,Competitor 5,5637.605453
10/20/2014,Competitor 6,4228.170006
10/20/2014,Competitor 7,4580.528868
10/20/2014,Competitor 1,3875.879312
10/27/2014,Competitor 2,3523.51982
10/27/2014,Competitor 3,7046.973574
10/27/2014,Competitor 4,6342.322462
10/27/2014,Competitor 5,5637.605285
10/27/2014,Competitor 6,4228.170931
10/27/2014,Competitor 7,4580.562552
10/27/2014,Competitor 1,3875.845375
11/3/2014,Competitor 2,3533.706534
11/3/2014,Competitor 3,7067.413067
11/3/2014,Competitor 4,6360.671761
11/3/2014,Competitor 5,5653.930454
11/3/2014,Competitor 6,4240.44784
11/3/2014,Competitor 7,4593.785826
11/3/2014,Competitor 1,3887.044519
11/10/2014,Competitor 2,3533.686077
11/10/2014,Competitor 3,7067.372155
11/10/2014,Competitor 4,6360.662785
11/10/2014,Competitor 5,5653.953414
11/10/2014,Competitor 6,4240.465061
11/10/2014,Competitor 7,4593.819746
11/10/2014,Competitor 1,3887.040763
11/17/2014,Competitor 2,3533.706577
11/17/2014,Competitor 3,7067.413154
11/17/2014,Competitor 4,6360.632376
11/17/2014,Competitor 5,5653.917369
11/17/2014,Competitor 6,4240.421584
11/17/2014,Competitor 7,4593.811973
11/17/2014,Competitor 1,3887.096966
11/24/2014,Competitor 2,3533.706326
11/24/2014,Competitor 3,7067.412653
11/24/2014,Competitor 4,6360.684041
11/24/2014,Competitor 5,5653.892164
11/24/2014,Competitor 6,4240.434939
11/24/2014,Competitor 7,4593.830877
11/24/2014,Competitor 1,3887.039
12/1/2014,Competitor 2,3545.006284
12/1/2014,Competitor 3,7090.012568
12/1/2014,Competitor 4,6380.998743
12/1/2014,Competitor 5,5671.984919
12/1/2014,Competitor 6,4254.020109
12/1/2014,Competitor 7,4608.495601
12/1/2014,Competitor 1,3899.481777
12/8/2014,Competitor 2,3544.994001
12/8/2014,Competitor 3,7089.988001
12/8/2014,Competitor 4,6380.977202
12/8/2014,Competitor 5,5672.026397
12/8/2014,Competitor 6,4254.0048
12/8/2014,Competitor 7,4608.510199
12/8/2014,Competitor 1,3899.4994
12/15/2014,Competitor 2,3545.012482
12/15/2014,Competitor 3,7090.024964
12/15/2014,Competitor 4,6380.997504
12/15/2014,Competitor 5,5671.970044
12/15/2014,Competitor 6,4253.977533
12/15/2014,Competitor 7,4608.522467
12/15/2014,Competitor 1,3899.495007
12/22/2014,Competitor 2,3544.982967
12/22/2014,Competitor 3,7090.02271
12/22/2014,Competitor 4,6381.014762
12/22/2014,Competitor 5,5672.006813
12/22/2014,Competitor 6,4253.990916
12/22/2014,Competitor 7,4608.49489
12/22/2014,Competitor 1,3899.486942
12/29/2014,Competitor 2,3544.986782
12/29/2014,Competitor 3,7089.973563
12/29/2014,Competitor 4,6381.002644
12/29/2014,Competitor 5,5672.031724
12/29/2014,Competitor 6,4254.023793
12/29/2014,Competitor 7,4608.476207
12/29/2014,Competitor 1,3899.505287
1/5/2015,Competitor 2,3516.626861
1/5/2015,Competitor 3,7033.18657
1/5/2015,Competitor 4,6329.901489
1/5/2015,Competitor 5,5626.549256
1/5/2015,Competitor 6,4219.911942
1/5/2015,Competitor 7,4571.588058
1/5/2015,Competitor 1,3868.235825
1/12/2015,Competitor 2,3516.587357
1/12/2015,Competitor 3,7033.174714
1/12/2015,Competitor 4,6329.895172
1/12/2015,Competitor 5,5626.552414
1/12/2015,Competitor 6,4219.930115
1/12/2015,Competitor 7,4571.601493
1/12/2015,Competitor 1,3868.258736
1/19/2015,Competitor 2,3516.574973
1/19/2015,Competitor 3,7033.212514
1/19/2015,Competitor 4,6329.885005
1/19/2015,Competitor 5,5626.557497
1/19/2015,Competitor 6,4219.902481
1/19/2015,Competitor 7,4571.597519
1/19/2015,Competitor 1,3868.270011
1/26/2015,Competitor 2,3516.6
1/26/2015,Competitor 3,7033.2
1/26/2015,Competitor 4,6329.88
1/26/2015,Competitor 5,5626.56
1/26/2015,Competitor 6,4219.92
1/26/2015,Competitor 7,4571.58
1/26/2015,Competitor 1,3868.26
2/2/2015,Competitor 2,3045.5
2/2/2015,Competitor 3,6091
2/2/2015,Competitor 4,5481.9
2/2/2015,Competitor 5,4872.8
2/2/2015,Competitor 6,3654.6
2/2/2015,Competitor 7,3959.15
2/2/2015,Competitor 1,3350.05
2/9/2015,Competitor 2,3045.5
2/9/2015,Competitor 3,6091
2/9/2015,Competitor 4,5481.912172
2/9/2015,Competitor 5,4872.824344
2/9/2015,Competitor 6,3654.587828
2/9/2015,Competitor 7,3959.131742
2/9/2015,Competitor 1,3350.043914
2/16/2015,Competitor 2,3045.517087
2/16/2015,Competitor 3,6090.977217
2/16/2015,Competitor 4,5481.8738
2/16/2015,Competitor 5,4872.770382
2/16/2015,Competitor 6,3654.620505
2/16/2015,Competitor 7,3959.172213
2/16/2015,Competitor 1,3350.068796
2/23/2015,Competitor 2,3045.529008
2/23/2015,Competitor 3,6091
2/23/2015,Competitor 4,5481.894198
2/23/2015,Competitor 5,4872.788397
2/23/2015,Competitor 6,3654.576794
2/23/2015,Competitor 7,3959.158702
2/23/2015,Competitor 1,3350.052901
3/2/2015,Competitor 2,3023.417799
3/2/2015,Competitor 3,6046.776268
3/2/2015,Competitor 4,5442.140172
3/2/2015,Competitor 5,4837.444746
3/2/2015,Competitor 6,3628.053895
3/2/2015,Competitor 7,3930.401608
3/2/2015,Competitor 1,3325.765512
3/9/2015,Competitor 2,3023.389129
3/9/2015,Competitor 3,6046.778258
3/9/2015,Competitor 4,5442.133045
3/9/2015,Competitor 5,4837.433477
3/9/2015,Competitor 6,3628.088697
3/9/2015,Competitor 7,3930.411303
3/9/2015,Competitor 1,3325.76609
3/16/2015,Competitor 2,3023.394588
3/16/2015,Competitor 3,6046.789176
3/16/2015,Competitor 4,5442.110258
3/16/2015,Competitor 5,4837.431341
3/16/2015,Competitor 6,3628.073506
3/16/2015,Competitor 7,3930.440024
3/16/2015,Competitor 1,3325.761107
3/23/2015,Competitor 2,3023.394551
3/23/2015,Competitor 3,6046.789103
3/23/2015,Competitor 4,5442.142885
3/23/2015,Competitor 5,4837.442179
3/23/2015,Competitor 6,3628.095256
3/23/2015,Competitor 7,3930.391122
3/23/2015,Competitor 1,3325.744904
3/30/2015,Competitor 2,3023.405782
3/30/2015,Competitor 3,6046.811563
3/30/2015,Competitor 4,5442.10728
3/30/2015,Competitor 5,4837.460814
3/30/2015,Competitor 6,3628.052248
3/30/2015,Competitor 7,3930.433298
3/30/2015,Competitor 1,3325.729015
4/6/2015,Competitor 2,3024.022621
4/6/2015,Competitor 3,6047.988689
4/6/2015,Competitor 4,5443.206786
4/6/2015,Competitor 5,4838.36833
4/6/2015,Competitor 6,3628.804524
4/6/2015,Competitor 7,3931.195476
4/6/2015,Competitor 1,3326.413573
4/13/2015,Competitor 2,3023.98316
4/13/2015,Competitor 3,6048.022453
4/13/2015,Competitor 4,5443.192141
4/13/2015,Competitor 5,4838.417962
4/13/2015,Competitor 6,3628.813472
4/13/2015,Competitor 7,3931.200561
4/13/2015,Competitor 1,3326.37025
4/20/2015,Competitor 2,3024.016791
4/20/2015,Competitor 3,6047.977612
4/20/2015,Competitor 4,5443.21903
4/20/2015,Competitor 5,4838.404478
4/20/2015,Competitor 6,3628.775373
4/20/2015,Competitor 7,3931.182649
4/20/2015,Competitor 1,3326.424067
4/27/2015,Competitor 2,3024
4/27/2015,Competitor 3,6048
4/27/2015,Competitor 4,5443.2
4/27/2015,Competitor 5,4838.4
4/27/2015,Competitor 6,3628.8
4/27/2015,Competitor 7,3931.2
4/27/2015,Competitor 1,3326.4
5/4/2015,Competitor 2,3027.770565
5/4/2015,Competitor 3,6055.6
5/4/2015,Competitor 4,5450.057661
5/4/2015,Competitor 5,4844.456452
5/4/2015,Competitor 6,3633.371774
5/4/2015,Competitor 7,3936.142944
5/4/2015,Competitor 1,3330.600605
5/11/2015,Competitor 2,3027.788499
5/11/2015,Competitor 3,6055.576998
5/11/2015,Competitor 4,5450.053801
5/11/2015,Competitor 5,4844.473099
5/11/2015,Competitor 6,3633.369201
5/11/2015,Competitor 7,3936.130799
5/11/2015,Competitor 1,3330.607602
5/18/2015,Competitor 2,3027.772148
5/18/2015,Competitor 3,6055.6
5/18/2015,Competitor 4,5450.04557
5/18/2015,Competitor 5,4844.491141
5/18/2015,Competitor 6,3633.382281
5/18/2015,Competitor 7,3936.131644
5/18/2015,Competitor 1,3330.577215
5/25/2015,Competitor 2,3027.809777
5/25/2015,Competitor 3,6055.619554
5/25/2015,Competitor 4,5450.01849
5/25/2015,Competitor 5,4844.466312
5/25/2015,Competitor 6,3633.361955
5/25/2015,Competitor 7,3936.162488
5/25/2015,Competitor 1,3330.561423
6/1/2015,Competitor 2,2026.218451
6/1/2015,Competitor 3,4052.4
6/1/2015,Competitor 4,3647.14893
6/1/2015,Competitor 5,3241.934761
6/1/2015,Competitor 6,2431.43262
6/1/2015,Competitor 7,2634.058155
6/1/2015,Competitor 1,2228.807085
6/8/2015,Competitor 2,2026.188101
6/8/2015,Competitor 3,4052.415866
6/8/2015,Competitor 4,3647.16238
6/8/2015,Competitor 5,3241.908894
6/8/2015,Competitor 6,2431.441587
6/8/2015,Competitor 7,2634.048497
6/8/2015,Competitor 1,2228.834676
6/15/2015,Competitor 2,2026.211154
6/15/2015,Competitor 3,4052.385128
6/15/2015,Competitor 4,3647.172641
6/15/2015,Competitor 5,3241.922974
6/15/2015,Competitor 6,2431.423641
6/15/2015,Competitor 7,2634.048475
6/15/2015,Competitor 1,2228.835987
6/22/2015,Competitor 2,2026.187928
6/22/2015,Competitor 3,4052.416096
6/22/2015,Competitor 4,3647.162414
6/22/2015,Competitor 5,3241.908733
6/22/2015,Competitor 6,2431.44161
6/22/2015,Competitor 7,2634.04833
6/22/2015,Competitor 1,2228.834889
6/29/2015,Competitor 2,2026.215194
6/29/2015,Competitor 3,4052.392403
6/29/2015,Competitor 4,3647.172155
6/29/2015,Competitor 5,3241.913922
6/29/2015,Competitor 6,2431.435442
6/29/2015,Competitor 7,2634.045566
6/29/2015,Competitor 1,2228.825318
7/6/2015,Competitor 2,2041.192452
7/6/2015,Competitor 3,4082.422644
7/6/2015,Competitor 4,3674.146413
7/6/2015,Competitor 5,3265.907923
7/6/2015,Competitor 6,2449.430942
7/6/2015,Competitor 7,2653.569058
7/6/2015,Competitor 1,2245.330567
7/13/2015,Competitor 2,2041.196424
7/13/2015,Competitor 3,4082.392847
7/13/2015,Competitor 4,3674.153563
7/13/2015,Competitor 5,3265.914278
7/13/2015,Competitor 6,2449.435708
7/13/2015,Competitor 7,2653.573232
7/13/2015,Competitor 1,2245.333948
7/20/2015,Competitor 2,2041.2
7/20/2015,Competitor 3,4082.4
7/20/2015,Competitor 4,3674.16
7/20/2015,Competitor 5,3265.92
7/20/2015,Competitor 6,2449.44
7/20/2015,Competitor 7,2653.56
7/20/2015,Competitor 1,2245.32
7/27/2015,Competitor 2,2041.2
7/27/2015,Competitor 3,4082.4
7/27/2015,Competitor 4,3674.16
7/27/2015,Competitor 5,3265.92
7/27/2015,Competitor 6,2449.44
7/27/2015,Competitor 7,2653.56
7/27/2015,Competitor 1,2245.32
8/3/2015,Competitor 2,2038.003523
8/3/2015,Competitor 3,4076.007046
8/3/2015,Competitor 4,3668.399295
8/3/2015,Competitor 5,3260.791545
8/3/2015,Competitor 6,2445.611274
8/3/2015,Competitor 7,2649.379919
8/3/2015,Competitor 1,2241.807398
8/10/2015,Competitor 2,2037.983102
8/10/2015,Competitor 3,4076
8/10/2015,Competitor 4,3668.410139
8/10/2015,Competitor 5,3260.786481
8/10/2015,Competitor 6,2445.606759
8/10/2015,Competitor 7,2649.40169
8/10/2015,Competitor 1,2241.811829
8/17/2015,Competitor 2,2037.985792
8/17/2015,Competitor 3,4076.007104
8/17/2015,Competitor 4,3668.402842
8/17/2015,Competitor 5,3260.798579
8/17/2015,Competitor 6,2445.590054
8/17/2015,Competitor 7,2649.409946
8/17/2015,Competitor 1,2241.805683
8/24/2015,Competitor 2,2038
8/24/2015,Competitor 3,4076
8/24/2015,Competitor 4,3668.385148
8/24/2015,Competitor 5,3260.807426
8/24/2015,Competitor 6,2445.614852
8/24/2015,Competitor 7,2649.385148
8/24/2015,Competitor 1,2241.807426
8/31/2015,Competitor 2,2038.003782
8/31/2015,Competitor 3,4076.007563
8/31/2015,Competitor 4,3668.391681
8/31/2015,Competitor 5,3260.813614
8/31/2015,Competitor 6,2445.581848
8/31/2015,Competitor 7,2649.408698
8/31/2015,Competitor 1,2241.792815
9/7/2015,Competitor 2,3522.5
9/7/2015,Competitor 3,7045
9/7/2015,Competitor 4,6340.5
9/7/2015,Competitor 5,5636
9/7/2015,Competitor 6,4227
9/7/2015,Competitor 7,4579.25
9/7/2015,Competitor 1,3874.75
9/14/2015,Competitor 2,3522.486895
9/14/2015,Competitor 3,7044.973791
9/14/2015,Competitor 4,6340.52883
9/14/2015,Competitor 5,5636.018347
9/14/2015,Competitor 6,4226.997379
9/14/2015,Competitor 7,4579.252621
9/14/2015,Competitor 1,3874.742137
9/21/2015,Competitor 2,3522.526856
9/21/2015,Competitor 3,7044.986572
9/21/2015,Competitor 4,6340.494629
9/21/2015,Competitor 5,5636.002686
9/21/2015,Competitor 6,4227.018799
9/21/2015,Competitor 7,4579.231201
9/21/2015,Competitor 1,3874.739258
9/28/2015,Competitor 2,3522.526994
9/28/2015,Competitor 3,7044.986503
9/28/2015,Competitor 4,6340.508098
9/28/2015,Competitor 5,5635.962208
9/28/2015,Competitor 6,4227.005399
9/28/2015,Competitor 7,4579.278344
9/28/2015,Competitor 1,3874.732454
10/5/2015,Competitor 2,3531.980464
10/5/2015,Competitor 3,7064.026048
10/5/2015,Competitor 4,6357.603907
10/5/2015,Competitor 5,5651.181766
10/5/2015,Competitor 6,4238.402605
10/5/2015,Competitor 7,4591.613675
10/5/2015,Competitor 1,3885.191534
10/12/2015,Competitor 2,3532.006746
10/12/2015,Competitor 3,7064.013493
10/12/2015,Competitor 4,6357.598651
10/12/2015,Competitor 5,5651.183809
10/12/2015,Competitor 6,4238.421588
10/12/2015,Competitor 7,4591.595278
10/12/2015,Competitor 1,3885.180435
10/19/2015,Competitor 2,3532.020327
10/19/2015,Competitor 3,7063.972898
10/19/2015,Competitor 4,6357.623037
10/19/2015,Competitor 5,5651.20542
10/19/2015,Competitor 6,4238.370188
10/19/2015,Competitor 7,4591.578996
10/19/2015,Competitor 1,3885.229135
10/26/2015,Competitor 2,3532
10/26/2015,Competitor 3,7064
10/26/2015,Competitor 4,6357.570455
10/26/2015,Competitor 5,5651.214773
10/26/2015,Competitor 6,4238.429545
10/26/2015,Competitor 7,4591.570455
10/26/2015,Competitor 1,3885.214773
11/2/2015,Competitor 2,3533.393481
11/2/2015,Competitor 3,7066.786962
11/2/2015,Competitor 4,6360.134342
11/2/2015,Competitor 5,5653.416532
11/2/2015,Competitor 6,4240.111291
11/2/2015,Competitor 7,4593.437601
11/2/2015,Competitor 1,3886.719791
11/9/2015,Competitor 2,3533.4
11/9/2015,Competitor 3,7066.8
11/9/2015,Competitor 4,6360.133336
11/9/2015,Competitor 5,5653.466672
11/9/2015,Competitor 6,4240.066664
11/9/2015,Competitor 7,4593.399996
11/9/2015,Competitor 1,3886.733332
11/16/2015,Competitor 2,3533.368948
11/16/2015,Competitor 3,7066.8
11/16/2015,Competitor 4,6360.12621
11/16/2015,Competitor 5,5653.452421
11/16/2015,Competitor 6,4240.104841
11/16/2015,Competitor 7,4593.410685
11/16/2015,Competitor 1,3886.736895
11/23/2015,Competitor 2,3533.393519
11/23/2015,Competitor 3,7066.787039
11/23/2015,Competitor 4,6360.134257
11/23/2015,Competitor 5,5653.41667
11/23/2015,Competitor 6,4240.111107
11/23/2015,Competitor 7,4593.437498
11/23/2015,Competitor 1,3886.71991
11/30/2015,Competitor 2,3533.406477
11/30/2015,Competitor 3,7066.812954
11/30/2015,Competitor 4,6360.118705
11/30/2015,Competitor 5,5653.424455
11/30/2015,Competitor 6,4240.100726
11/30/2015,Competitor 7,4593.415466
11/30/2015,Competitor 1,3886.721217
12/7/2015,Competitor 2,3519.69391
12/7/2015,Competitor 3,7039.38782
12/7/2015,Competitor 4,6335.449038
12/7/2015,Competitor 5,5631.510256
12/7/2015,Competitor 6,4223.632692
12/7/2015,Competitor 7,4575.632533
12/7/2015,Competitor 1,3871.693751
12/14/2015,Competitor 2,3519.674464
12/14/2015,Competitor 3,7039.412768
12/14/2015,Competitor 4,6335.439571
12/14/2015,Competitor 5,5631.530215
12/14/2015,Competitor 6,4223.647661
12/14/2015,Competitor 7,4575.602339
12/14/2015,Competitor 1,3871.692983
12/21/2015,Competitor 2,3519.71697
12/21/2015,Competitor 3,7039.377374
12/21/2015,Competitor 4,6335.467919
12/21/2015,Competitor 5,5631.501899
12/21/2015,Competitor 6,4223.626424
12/21/2015,Competitor 7,4575.637717
12/21/2015,Competitor 1,3871.671697
12/28/2015,Competitor 2,3519.685705
12/28/2015,Competitor 3,7039.371409
12/28/2015,Competitor 4,6335.462859
12/28/2015,Competitor 5,5631.554309
12/28/2015,Competitor 6,4223.665732
12/28/2015,Competitor 7,4575.620007
12/28/2015,Competitor 1,3871.63998
1/4/2016,Competitor 2,3523.7
1/4/2016,Competitor 3,7047.4
1/4/2016,Competitor 4,6342.63247
1/4/2016,Competitor 5,5637.933765
1/4/2016,Competitor 6,4228.46753
1/4/2016,Competitor 7,4580.78247
1/4/2016,Competitor 1,3876.083765
1/11/2016,Competitor 2,3523.720966
1/11/2016,Competitor 3,7047.372046
1/11/2016,Competitor 4,6342.64183
1/11/2016,Competitor 5,5637.911614
1/11/2016,Competitor 6,4228.451182
1/11/2016,Competitor 7,4580.81629
1/11/2016,Competitor 1,3876.086074
1/18/2016,Competitor 2,3523.72113
1/18/2016,Competitor 3,7047.371826
1/18/2016,Competitor 4,6342.669861
1/18/2016,Competitor 5,5637.897461
1/18/2016,Competitor 6,4228.423096
1/18/2016,Competitor 7,4580.809296
1/18/2016,Competitor 1,3876.107331
1/25/2016,Competitor 2,3523.726332
1/25/2016,Competitor 3,7047.386834
1/25/2016,Competitor 4,6342.681065
1/25/2016,Competitor 5,5637.909467
1/25/2016,Competitor 6,4228.4321
1/25/2016,Competitor 7,4580.8179
1/25/2016,Competitor 1,3876.046301
2/1/2016,Competitor 2,2030.996327
2/1/2016,Competitor 3,4061.992654
2/1/2016,Competitor 4,3655.815426
2/1/2016,Competitor 5,3249.601469
2/1/2016,Competitor 6,2437.210284
2/1/2016,Competitor 7,2640.280534
2/1/2016,Competitor 1,2234.103306
2/8/2016,Competitor 2,2031.003802
2/8/2016,Competitor 3,4062.007605
2/8/2016,Competitor 4,3655.79924
2/8/2016,Competitor 5,3249.590874
2/8/2016,Competitor 6,2437.212168
2/8/2016,Competitor 7,2640.297338
2/8/2016,Competitor 1,2234.088973
2/15/2016,Competitor 2,2031
2/15/2016,Competitor 3,4062
2/15/2016,Competitor 4,3655.8
2/15/2016,Competitor 5,3249.6
2/15/2016,Competitor 6,2437.2
2/15/2016,Competitor 7,2640.3
2/15/2016,Competitor 1,2234.1
2/22/2016,Competitor 2,2031.007869
2/22/2016,Competitor 3,4062.015737
2/22/2016,Competitor 4,3655.798426
2/22/2016,Competitor 5,3249.581115
2/22/2016,Competitor 6,2437.185836
2/22/2016,Competitor 7,2640.314164
2/22/2016,Competitor 1,2234.096853
2/29/2016,Competitor 2,2031
2/29/2016,Competitor 3,4062
2/29/2016,Competitor 4,3655.815542
2/29/2016,Competitor 5,3249.592229
2/29/2016,Competitor 6,2437.184458
2/29/2016,Competitor 7,2640.315542
2/29/2016,Competitor 1,2234.092229
3/7/2016,Competitor 2,2042.911781
3/7/2016,Competitor 3,4085.784292
3/7/2016,Competitor 4,3677.20979
3/7/2016,Competitor 5,3268.635287
3/7/2016,Competitor 6,2451.486283
3/7/2016,Competitor 7,2655.773534
3/7/2016,Competitor 1,2247.199032
3/14/2016,Competitor 2,2042.9
3/14/2016,Competitor 3,4085.8
3/14/2016,Competitor 4,3677.227788
3/14/2016,Competitor 5,3268.655577
3/14/2016,Competitor 6,2451.472212
3/14/2016,Competitor 7,2655.758318
3/14/2016,Competitor 1,2247.186106
3/21/2016,Competitor 2,2042.88797
3/21/2016,Competitor 3,4085.81604
3/21/2016,Competitor 4,3677.206366
3/21/2016,Competitor 5,3268.636792
3/21/2016,Competitor 6,2451.497644
3/21/2016,Competitor 7,2655.762381
3/21/2016,Competitor 1,2247.192807
3/28/2016,Competitor 2,2042.9
3/28/2016,Competitor 3,4085.8
3/28/2016,Competitor 4,3677.228304
3/28/2016,Competitor 5,3268.656609
3/28/2016,Competitor 6,2451.471696
3/28/2016,Competitor 7,2655.757544
3/28/2016,Competitor 1,2247.185848
4/4/2016,Competitor 2,2034.904121
4/4/2016,Competitor 3,4069.808243
4/4/2016,Competitor 4,3662.819176
4/4/2016,Competitor 5,3255.830109
4/4/2016,Competitor 6,2441.893189
4/4/2016,Competitor 7,2645.367115
4/4/2016,Competitor 1,2238.378048
4/11/2016,Competitor 2,2034.9
4/11/2016,Competitor 3,4069.8
4/11/2016,Competitor 4,3662.836003
4/11/2016,Competitor 5,3255.831998
4/11/2016,Competitor 6,2441.863997
4/11/2016,Competitor 7,2645.386003
4/11/2016,Competitor 1,2238.381998
4/18/2016,Competitor 2,2034.888271
4/18/2016,Competitor 3,4069.815639
4/18/2016,Competitor 4,3662.822346
4/18/2016,Competitor 5,3255.829053
4/18/2016,Competitor 6,2441.881564
4/18/2016,Competitor 7,2645.37821
4/18/2016,Competitor 1,2238.384917
4/25/2016,Competitor 2,2034.88816
4/25/2016,Competitor 3,4069.815787
4/25/2016,Competitor 4,3662.830261
4/25/2016,Competitor 5,3255.844736
4/25/2016,Competitor 6,2441.873685
4/25/2016,Competitor 7,2645.366448
4/25/2016,Competitor 1,2238.380923
5/2/2016,Competitor 2,2011.185106
5/2/2016,Competitor 3,4022.407447
5/2/2016,Competitor 4,3620.155532
5/2/2016,Competitor 5,3217.940852
5/2/2016,Competitor 6,2413.437021
5/2/2016,Competitor 7,2614.544361
5/2/2016,Competitor 1,2212.329681
5/9/2016,Competitor 2,2011.215843
5/9/2016,Competitor 3,4022.392078
5/9/2016,Competitor 4,3620.172675
5/9/2016,Competitor 5,3217.913663
5/9/2016,Competitor 6,2413.435247
5/9/2016,Competitor 7,2614.564753
5/9/2016,Competitor 1,2212.305741
5/16/2016,Competitor 2,2011.187505
5/16/2016,Competitor 3,4022.41666
5/16/2016,Competitor 4,3620.162499
5/16/2016,Competitor 5,3217.908338
5/16/2016,Competitor 6,2413.441666
5/16/2016,Competitor 7,2614.568746
5/16/2016,Competitor 1,2212.314586
5/23/2016,Competitor 2,2011.2
5/23/2016,Competitor 3,4022.4
5/23/2016,Competitor 4,3620.16
5/23/2016,Competitor 5,3217.92
5/23/2016,Competitor 6,2413.44
5/23/2016,Competitor 7,2614.56
5/23/2016,Competitor 1,2212.32
5/30/2016,Competitor 2,2011.2034
5/30/2016,Competitor 3,4022.4068
5/30/2016,Competitor 4,3620.16612
5/30/2016,Competitor 5,3217.92544
5/30/2016,Competitor 6,2413.44408
5/30/2016,Competitor 7,2614.54742
5/30/2016,Competitor 1,2212.30674
6/6/2016,Competitor 2,2027.8
6/6/2016,Competitor 3,4055.6
6/6/2016,Competitor 4,3650.056931
6/6/2016,Competitor 5,3244.471534
6/6/2016,Competitor 6,2433.343069
6/6/2016,Competitor 7,2636.135767
6/6/2016,Competitor 1,2230.592698
6/13/2016,Competitor 2,2027.783421
6/13/2016,Competitor 3,4055.60829
6/13/2016,Competitor 4,3650.043316
6/13/2016,Competitor 5,3244.478342
6/13/2016,Competitor 6,2433.348395
6/13/2016,Competitor 7,2636.151605
6/13/2016,Competitor 1,2230.586632
6/20/2016,Competitor 2,2027.796152
6/20/2016,Competitor 3,4055.592304
6/20/2016,Competitor 4,3650.048466
6/20/2016,Competitor 5,3244.466147
6/20/2016,Competitor 6,2433.378471
6/20/2016,Competitor 7,2636.13115
6/20/2016,Competitor 1,2230.587311
6/27/2016,Competitor 2,2027.792508
6/27/2016,Competitor 3,4055.622477
6/27/2016,Competitor 4,3650.063975
6/27/2016,Competitor 5,3244.468012
6/27/2016,Competitor 6,2433.351009
6/27/2016,Competitor 7,2636.13026
6/27/2016,Competitor 1,2230.571758
7/4/2016,Competitor 2,2027.803455
7/4/2016,Competitor 3,4055.60691
7/4/2016,Competitor 4,3650.039309
7/4/2016,Competitor 5,3244.471708
7/4/2016,Competitor 6,2433.371057
7/4/2016,Competitor 7,2636.120306
7/4/2016,Competitor 1,2230.587256
7/11/2016,Competitor 2,2027.788739
7/11/2016,Competitor 3,4055.615015
7/11/2016,Competitor 4,3650.057267
7/11/2016,Competitor 5,3244.49952
7/11/2016,Competitor 6,2433.346486
7/11/2016,Competitor 7,2636.12536
7/11/2016,Competitor 1,2230.567613
7/18/2016,Competitor 2,2027.810568
7/18/2016,Competitor 3,4055.58591
7/18/2016,Competitor 4,3650.037886
7/18/2016,Competitor 5,3244.489863
7/18/2016,Competitor 6,2433.358591
7/18/2016,Competitor 7,2636.150215
7/18/2016,Competitor 1,2230.566967
7/25/2016,Competitor 2,2027.796552
7/25/2016,Competitor 3,4055.593104
7/25/2016,Competitor 4,3650.026898
7/25/2016,Competitor 5,3244.49517
7/25/2016,Competitor 6,2433.362758
7/25/2016,Competitor 7,2636.128622
7/25/2016,Competitor 1,2230.596894
8/1/2016,Competitor 2,2011.09634
8/1/2016,Competitor 3,4022.19268
8/1/2016,Competitor 4,3619.980732
8/1/2016,Competitor 5,3217.768784
8/1/2016,Competitor 6,2413.308288
8/1/2016,Competitor 7,2614.432562
8/1/2016,Competitor 1,2212.220614
8/8/2016,Competitor 2,2011.082989
8/8/2016,Competitor 3,4022.2
8/8/2016,Competitor 4,3619.990207
8/8/2016,Competitor 5,3217.746391
8/8/2016,Competitor 6,2413.326804
8/8/2016,Competitor 7,2614.431701
8/8/2016,Competitor 1,2212.221908
8/15/2016,Competitor 2,2011.11161
8/15/2016,Competitor 3,4022.22322
8/15/2016,Competitor 4,3619.969938
8/15/2016,Competitor 5,3217.755356
8/15/2016,Competitor 6,2413.326192
8/15/2016,Competitor 7,2614.414133
8/15/2016,Competitor 1,2212.199551
8/22/2016,Competitor 2,2011.088599
8/22/2016,Competitor 3,4022.215201
8/22/2016,Competitor 4,3619.989881
8/22/2016,Competitor 5,3217.76456
8/22/2016,Competitor 6,2413.313919
8/22/2016,Competitor 7,2614.42658
8/22/2016,Competitor 1,2212.201259
8/29/2016,Competitor 2,2011.120693
8/29/2016,Competitor 3,4022.2
8/29/2016,Competitor 4,3619.975861
8/29/2016,Competitor 5,3217.751723
8/29/2016,Competitor 6,2413.303446
8/29/2016,Competitor 7,2614.436208
8/29/2016,Competitor 1,2212.212069
9/5/2016,Competitor 2,2045.21542
9/5/2016,Competitor 3,4090.39229
9/5/2016,Competitor 4,3681.349206
9/5/2016,Competitor 5,3272.306122
9/5/2016,Competitor 6,2454.258504
9/5/2016,Competitor 7,2658.760771
9/5/2016,Competitor 1,2249.717687
9/12/2016,Competitor 2,2045.204139
9/12/2016,Competitor 3,4090.408278
9/12/2016,Competitor 4,3681.359172
9/12/2016,Competitor 5,3272.310067
9/12/2016,Competitor 6,2454.253245
9/12/2016,Competitor 7,2658.757103
9/12/2016,Competitor 1,2249.707997
9/19/2016,Competitor 2,2045.191424
9/19/2016,Competitor 3,4090.382849
9/19/2016,Competitor 4,3681.370291
9/19/2016,Competitor 5,3272.314855
9/19/2016,Competitor 6,2454.24686
9/19/2016,Competitor 7,2658.774578
9/19/2016,Competitor 1,2249.719142
9/26/2016,Competitor 2,2045.179225
9/26/2016,Competitor 3,4090.4
9/26/2016,Competitor 4,3681.372465
9/26/2016,Competitor 5,3272.30338
9/26/2016,Competitor 6,2454.24831
9/26/2016,Competitor 7,2658.762078
9/26/2016,Competitor 1,2249.734543
10/3/2016,Competitor 2,2037.904179
10/3/2016,Competitor 3,4075.808358
10/3/2016,Competitor 4,3668.227522
10/3/2016,Competitor 5,3260.646686
10/3/2016,Competitor 6,2445.485015
10/3/2016,Competitor 7,2649.254538
10/3/2016,Competitor 1,2241.673702
10/10/2016,Competitor 2,2037.912172
10/10/2016,Competitor 3,4075.78377
10/10/2016,Competitor 4,3668.217566
10/10/2016,Competitor 5,3260.651361
10/10/2016,Competitor 6,2445.478377
10/10/2016,Competitor 7,2649.281766
10/10/2016,Competitor 1,2241.674988
10/17/2016,Competitor 2,2037.9
10/17/2016,Competitor 3,4075.8
10/17/2016,Competitor 4,3668.228419
10/17/2016,Competitor 5,3260.656838
10/17/2016,Competitor 6,2445.471581
10/17/2016,Competitor 7,2649.257371
10/17/2016,Competitor 1,2241.68579
10/24/2016,Competitor 2,2037.912012
10/24/2016,Competitor 3,4075.824024
10/24/2016,Competitor 4,3668.209589
10/24/2016,Competitor 5,3260.635195
10/24/2016,Competitor 6,2445.486407
10/24/2016,Competitor 7,2649.253583
10/24/2016,Competitor 1,2241.679189
10/31/2016,Competitor 2,2037.9
10/31/2016,Competitor 3,4075.8
10/31/2016,Competitor 4,3668.22
10/31/2016,Competitor 5,3260.64
10/31/2016,Competitor 6,2445.48
10/31/2016,Competitor 7,2649.27
10/31/2016,Competitor 1,2241.69
11/7/2016,Competitor 2,3020.910814
11/7/2016,Competitor 3,6041.821627
11/7/2016,Competitor 4,5437.607024
11/7/2016,Competitor 5,4833.446488
11/7/2016,Competitor 6,3625.071349
11/7/2016,Competitor 7,3927.151617
11/7/2016,Competitor 1,3322.991081
11/14/2016,Competitor 2,3020.917695
11/14/2016,Competitor 3,6041.776407
11/14/2016,Competitor 4,5437.616461
11/14/2016,Competitor 5,4833.456515
11/14/2016,Competitor 6,3625.077641
11/14/2016,Competitor 7,3927.187105
11/14/2016,Competitor 1,3322.968176
11/21/2016,Competitor 2,3020.883593
11/21/2016,Competitor 3,6041.821876
11/21/2016,Competitor 4,5437.601405
11/21/2016,Competitor 5,4833.435625
11/21/2016,Competitor 6,3625.104064
11/21/2016,Competitor 7,3927.159609
11/21/2016,Competitor 1,3322.993828
11/28/2016,Competitor 2,3020.894518
11/28/2016,Competitor 3,6041.789036
11/28/2016,Competitor 4,5437.610132
11/28/2016,Competitor 5,4833.431229
11/28/2016,Competitor 6,3625.073422
11/28/2016,Competitor 7,3927.190284
11/28/2016,Competitor 1,3323.01138
12/5/2016,Competitor 2,4021.630743
12/5/2016,Competitor 3,8043.184629
12/5/2016,Competitor 4,7238.873851
12/5/2016,Competitor 5,6434.563074
12/5/2016,Competitor 6,4825.94152
12/5/2016,Competitor 7,5228.05848
12/5/2016,Competitor 1,4423.747703
12/12/2016,Competitor 2,4021.591441
12/12/2016,Competitor 3,8043.182882
12/12/2016,Competitor 4,7238.89883
12/12/2016,Competitor 5,6434.529188
12/12/2016,Competitor 6,4825.961083
12/12/2016,Competitor 7,5228.060314
12/12/2016,Competitor 1,4423.776262
12/19/2016,Competitor 2,4021.580333
12/19/2016,Competitor 3,8043.226222
12/19/2016,Competitor 4,7238.857711
12/19/2016,Competitor 5,6434.554756
12/19/2016,Competitor 6,4825.948845
12/19/2016,Competitor 7,5228.067544
12/19/2016,Competitor 1,4423.764589
12/26/2016,Competitor 2,4021.632508
12/26/2016,Competitor 3,8043.183746
12/26/2016,Competitor 4,7238.857244
12/26/2016,Competitor 5,6434.530743
12/26/2016,Competitor 6,4825.959009
12/26/2016,Competitor 7,5228.081625
12/26/2016,Competitor 1,4423.755124
1/2/2017,Competitor 2,4037.6
1/2/2017,Competitor 3,8075.2
1/2/2017,Competitor 4,7267.696208
1/2/2017,Competitor 5,6460.192417
1/2/2017,Competitor 6,4845.103792
1/2/2017,Competitor 7,5248.855687
1/2/2017,Competitor 1,4441.351896
1/9/2017,Competitor 2,4037.630624
1/9/2017,Competitor 3,8075.184688
1/9/2017,Competitor 4,7267.704499
1/9/2017,Competitor 5,6460.14775
1/9/2017,Competitor 6,4845.110813
1/9/2017,Competitor 7,5248.889187
1/9/2017,Competitor 1,4441.332438
1/16/2017,Competitor 2,4037.6
1/16/2017,Competitor 3,8075.2
1/16/2017,Competitor 4,7267.709476
1/16/2017,Competitor 5,6460.145262
1/16/2017,Competitor 6,4845.090524
1/16/2017,Competitor 7,5248.909476
1/16/2017,Competitor 1,4441.345262
1/23/2017,Competitor 2,4037.622119
1/23/2017,Competitor 3,8075.170508
1/23/2017,Competitor 4,7267.675576
1/23/2017,Competitor 5,6460.180645
1/23/2017,Competitor 6,4845.117051
1/23/2017,Competitor 7,5248.864517
1/23/2017,Competitor 1,4441.369585
1/30/2017,Competitor 2,4037.607779
1/30/2017,Competitor 3,8075.215559
1/30/2017,Competitor 4,7267.709562
1/30/2017,Competitor 5,6460.12577
1/30/2017,Competitor 6,4845.113776
1/30/2017,Competitor 7,5248.866775
1/30/2017,Competitor 1,4441.360778
2/6/2017,Competitor 2,4032.177385
2/6/2017,Competitor 3,8064.430153
2/6/2017,Competitor 4,7257.9796
2/6/2017,Competitor 5,6451.529046
2/6/2017,Competitor 6,4838.627939
2/6/2017,Competitor 7,5241.853216
2/6/2017,Competitor 1,4435.402662
2/13/2017,Competitor 2,4032.230532
2/13/2017,Competitor 3,8064.384734
2/13/2017,Competitor 4,7257.953894
2/13/2017,Competitor 5,6451.523053
2/13/2017,Competitor 6,4838.661373
2/13/2017,Competitor 7,5241.838627
2/13/2017,Competitor 1,4435.407787
2/20/2017,Competitor 2,4032.21576
2/20/2017,Competitor 3,8064.43152
2/20/2017,Competitor 4,7257.925329
2/20/2017,Competitor 5,6451.497936
2/20/2017,Competitor 6,4838.643152
2/20/2017,Competitor 7,5241.856848
2/20/2017,Competitor 1,4435.429456
2/27/2017,Competitor 2,4032.192568
2/27/2017,Competitor 3,8064.385136
2/27/2017,Competitor 4,7257.946623
2/27/2017,Competitor 5,6451.508109
2/27/2017,Competitor 6,4838.631082
2/27/2017,Competitor 7,5241.887498
2/27/2017,Competitor 1,4435.448985
3/6/2017,Competitor 2,4023.768724
3/6/2017,Competitor 3,8047.615638
3/6/2017,Competitor 4,7242.814979
3/6/2017,Competitor 5,6438.09251
3/6/2017,Competitor 6,4828.569383
3/6/2017,Competitor 7,5230.930617
3/6/2017,Competitor 1,4426.208148
3/13/2017,Competitor 2,4023.815935
3/13/2017,Competitor 3,8047.631871
3/13/2017,Competitor 4,7242.820878
3/13/2017,Competitor 5,6438.089561
3/13/2017,Competitor 6,4828.547252
3/13/2017,Competitor 7,5230.91291
3/13/2017,Competitor 1,4426.181594
3/20/2017,Competitor 2,4023.823664
3/20/2017,Competitor 3,8047.568447
3/20/2017,Competitor 4,7242.819491
3/20/2017,Competitor 5,6438.070534
3/20/2017,Competitor 6,4828.572621
3/20/2017,Competitor 7,5230.947099
3/20/2017,Competitor 1,4426.198143
3/27/2017,Competitor 2,4023.769027
3/27/2017,Competitor 3,8047.615486
3/27/2017,Competitor 4,7242.861681
3/27/2017,Competitor 5,6438.107876
3/27/2017,Competitor 6,4828.522833
3/27/2017,Competitor 7,5230.938451
3/27/2017,Competitor 1,4426.184646
4/3/2017,Competitor 2,3548.8
4/3/2017,Competitor 3,7097.6
4/3/2017,Competitor 4,6387.853266
4/3/2017,Competitor 5,5678.106533
4/3/2017,Competitor 6,4258.546734
4/3/2017,Competitor 7,4613.420101
4/3/2017,Competitor 1,3903.673367
4/10/2017,Competitor 2,3548.80723
4/10/2017,Competitor 3,7097.61446
4/10/2017,Competitor 4,6387.853014
4/10/2017,Competitor 5,5678.091568
4/10/2017,Competitor 6,4258.568676
4/10/2017,Competitor 7,4613.413249
4/10/2017,Competitor 1,3903.651803
4/17/2017,Competitor 2,3548.8
4/17/2017,Competitor 3,7097.6
4/17/2017,Competitor 4,6387.84
4/17/2017,Competitor 5,5678.08
4/17/2017,Competitor 6,4258.56
4/17/2017,Competitor 7,4613.44
4/17/2017,Competitor 1,3903.68
4/24/2017,Competitor 2,3548.827217
4/24/2017,Competitor 3,7097.586391
4/24/2017,Competitor 4,6387.834557
4/24/2017,Competitor 5,5678.082722
4/24/2017,Competitor 6,4258.579052
4/24/2017,Competitor 7,4613.420948
4/24/2017,Competitor 1,3903.669113
5/1/2017,Competitor 2,4067.775079
5/1/2017,Competitor 3,8135.633227
5/1/2017,Competitor 4,7322.061598
5/1/2017,Competitor 5,6508.489968
5/1/2017,Competitor 6,4881.346709
5/1/2017,Competitor 7,5288.132524
5/1/2017,Competitor 1,4474.560894
5/8/2017,Competitor 2,4067.808078
5/8/2017,Competitor 3,8135.616157
5/8/2017,Competitor 4,7322.038384
5/8/2017,Competitor 5,6508.460612
5/8/2017,Competitor 6,4881.385851
5/8/2017,Competitor 7,5288.134345
5/8/2017,Competitor 1,4474.556573
5/15/2017,Competitor 2,4067.8
5/15/2017,Competitor 3,8135.6
5/15/2017,Competitor 4,7322.074428
5/15/2017,Competitor 5,6508.462786
5/15/2017,Competitor 6,4881.325572
5/15/2017,Competitor 7,5288.174428
5/15/2017,Competitor 1,4474.562786
5/22/2017,Competitor 2,4067.774314
5/22/2017,Competitor 3,8135.634248
5/22/2017,Competitor 4,7322.062261
5/22/2017,Competitor 5,6508.490275
5/22/2017,Competitor 6,4881.346301
5/22/2017,Competitor 7,5288.132294
5/22/2017,Competitor 1,4474.560307
5/29/2017,Competitor 2,4067.829208
5/29/2017,Competitor 3,8135.585396
5/29/2017,Competitor 4,7322.063367
5/29/2017,Competitor 5,6508.468317
5/29/2017,Competitor 6,4881.351238
5/29/2017,Competitor 7,5288.148762
5/29/2017,Competitor 1,4474.553713
6/5/2017,Competitor 2,2545.520436
6/5/2017,Competitor 3,5090.989782
6/5/2017,Competitor 4,4581.885695
6/5/2017,Competitor 5,4072.781608
6/5/2017,Competitor 6,3054.624523
6/5/2017,Competitor 7,3309.151022
6/5/2017,Competitor 1,2800.046935
6/12/2017,Competitor 2,2545.478324
6/12/2017,Competitor 3,5091.010838
6/12/2017,Competitor 4,4581.904335
6/12/2017,Competitor 5,4072.797832
6/12/2017,Competitor 6,3054.584827
6/12/2017,Competitor 7,3309.165173
6/12/2017,Competitor 1,2800.05867
6/19/2017,Competitor 2,2545.5
6/19/2017,Competitor 3,5091
6/19/2017,Competitor 4,4581.88944
6/19/2017,Competitor 5,4072.778879
6/19/2017,Competitor 6,3054.61056
6/19/2017,Competitor 7,3309.16584
6/19/2017,Competitor 1,2800.05528
6/26/2017,Competitor 2,2545.520066
6/26/2017,Competitor 3,5090.989967
6/26/2017,Competitor 4,4581.90602
6/26/2017,Competitor 5,4072.771907
6/26/2017,Competitor 6,3054.604013
6/26/2017,Competitor 7,3309.145987
6/26/2017,Competitor 1,2800.06204
7/3/2017,Competitor 2,2513.587007
7/3/2017,Competitor 3,5027.217323
7/3/2017,Competitor 4,4524.49126
7/3/2017,Competitor 5,4021.765197
7/3/2017,Competitor 6,3016.313071
7/3/2017,Competitor 7,3267.676102
7/3/2017,Competitor 1,2764.950039
7/10/2017,Competitor 2,2513.608987
7/10/2017,Competitor 3,5027.17304
7/10/2017,Competitor 4,4524.451242
7/10/2017,Competitor 5,4021.774379
7/10/2017,Competitor 6,3016.330784
7/10/2017,Competitor 7,3267.691683
7/10/2017,Competitor 1,2764.969885
7/17/2017,Competitor 2,2513.595641
7/17/2017,Competitor 3,5027.191282
7/17/2017,Competitor 4,4524.472154
7/17/2017,Competitor 5,4021.753026
7/17/2017,Competitor 6,3016.314769
7/17/2017,Competitor 7,3267.696128
7/17/2017,Competitor 1,2764.977
7/24/2017,Competitor 2,2513.595828
7/24/2017,Competitor 3,5027.191657
7/24/2017,Competitor 4,4524.472491
7/24/2017,Competitor 5,4021.753325
7/24/2017,Competitor 6,3016.314994
7/24/2017,Competitor 7,3267.695435
7/24/2017,Competitor 1,2764.976269
7/31/2017,Competitor 2,2513.616537
7/31/2017,Competitor 3,5027.191731
7/31/2017,Competitor 4,4524.49323
7/31/2017,Competitor 5,4021.753385
7/31/2017,Competitor 6,3016.315039
7/31/2017,Competitor 7,3267.684961
7/31/2017,Competitor 1,2764.945116
8/7/2017,Competitor 2,2531.509142
8/7/2017,Competitor 3,5063.018284
8/7/2017,Competitor 4,4556.679887
8/7/2017,Competitor 5,4050.387201
8/7/2017,Competitor 6,3037.801828
8/7/2017,Competitor 7,3290.948172
8/7/2017,Competitor 1,2784.655485
8/14/2017,Competitor 2,2531.509608
8/14/2017,Competitor 3,5062.971176
8/14/2017,Competitor 4,4556.717295
8/14/2017,Competitor 5,4050.415373
8/14/2017,Competitor 6,3037.81153
8/14/2017,Competitor 7,3290.93847
8/14/2017,Competitor 1,2784.636549
8/21/2017,Competitor 2,2531.494727
8/21/2017,Competitor 3,5062.989455
8/21/2017,Competitor 4,4556.722145
8/21/2017,Competitor 5,4050.402109
8/21/2017,Competitor 6,3037.814763
8/21/2017,Competitor 7,3290.948418
8/21/2017,Competitor 1,2784.628383
8/28/2017,Competitor 2,2531.515874
8/28/2017,Competitor 3,5062.978835
8/28/2017,Competitor 4,4556.71799
8/28/2017,Competitor 5,4050.404233
8/28/2017,Competitor 6,3037.776719
8/28/2017,Competitor 7,3290.960053
8/28/2017,Competitor 1,2784.646296
9/4/2017,Competitor 2,2530.009747
9/4/2017,Competitor 3,5060.019494
9/4/2017,Competitor 4,4553.998051
9/4/2017,Competitor 5,4047.976607
9/4/2017,Competitor 6,3035.982455
9/4/2017,Competitor 7,3289.017545
9/4/2017,Competitor 1,2782.996101
9/11/2017,Competitor 2,2529.986175
9/11/2017,Competitor 3,5060.018433
9/11/2017,Competitor 4,4554.021198
9/11/2017,Competitor 5,4048.023963
9/11/2017,Competitor 6,3035.98341
9/11/2017,Competitor 7,3288.982027
9/11/2017,Competitor 1,2782.984792
9/18/2017,Competitor 2,2530
9/18/2017,Competitor 3,5060
9/18/2017,Competitor 4,4553.989813
9/18/2017,Competitor 5,4047.979625
9/18/2017,Competitor 6,3036.010187
9/18/2017,Competitor 7,3289.015281
9/18/2017,Competitor 1,2783.005094
9/25/2017,Competitor 2,2530.020042
9/25/2017,Competitor 3,5059.989979
9/25/2017,Competitor 4,4553.975949
9/25/2017,Competitor 5,4048.012025
9/25/2017,Competitor 6,3035.983966
9/25/2017,Competitor 7,3289.016034
9/25/2017,Competitor 1,2783.002004
10/2/2017,Competitor 2,3047.812707
10/2/2017,Competitor 3,6095.625413
10/2/2017,Competitor 4,5486.024752
10/2/2017,Competitor 5,4876.487624
10/2/2017,Competitor 6,3657.349835
10/2/2017,Competitor 7,3962.118399
10/2/2017,Competitor 1,3352.581271
10/9/2017,Competitor 2,3047.806294
10/9/2017,Competitor 3,6095.612589
10/9/2017,Competitor 4,5486.063919
10/9/2017,Competitor 5,4876.452305
10/9/2017,Competitor 6,3657.354964
10/9/2017,Competitor 7,3962.1293
10/9/2017,Competitor 1,3352.580629
10/16/2017,Competitor 2,3047.823992
10/16/2017,Competitor 3,6095.588004
10/16/2017,Competitor 4,5486.023206
10/16/2017,Competitor 5,4876.458408
10/16/2017,Competitor 6,3657.38879
10/16/2017,Competitor 7,3962.1412
10/16/2017,Competitor 1,3352.576401
10/23/2017,Competitor 2,3047.8
10/23/2017,Competitor 3,6095.6
10/23/2017,Competitor 4,5486.04
10/23/2017,Competitor 5,4876.48
10/23/2017,Competitor 6,3657.36
10/23/2017,Competitor 7,3962.14
10/23/2017,Competitor 1,3352.58
10/30/2017,Competitor 2,3047.806117
10/30/2017,Competitor 3,6095.612233
10/30/2017,Competitor 4,5486.026543
10/30/2017,Competitor 5,4876.50202
10/30/2017,Competitor 6,3657.33064
10/30/2017,Competitor 7,3962.123485
10/30/2017,Competitor 1,3352.598962
11/6/2017,Competitor 2,2032.2
11/6/2017,Competitor 3,4064.4
11/6/2017,Competitor 4,3657.967821
11/6/2017,Competitor 5,3251.535641
11/6/2017,Competitor 6,2438.632179
11/6/2017,Competitor 7,2641.848269
11/6/2017,Competitor 1,2235.41609
11/13/2017,Competitor 2,2032.188823
11/13/2017,Competitor 3,4064.414903
11/13/2017,Competitor 4,3657.947333
11/13/2017,Competitor 5,3251.517019
11/13/2017,Competitor 6,2438.656393
11/13/2017,Competitor 7,2641.852921
11/13/2017,Competitor 1,2235.422608
11/20/2017,Competitor 2,2032.196287
11/20/2017,Competitor 3,4064.392573
11/20/2017,Competitor 4,3657.953316
11/20/2017,Competitor 5,3251.514058
11/20/2017,Competitor 6,2438.635544
11/20/2017,Competitor 7,2641.87374
11/20/2017,Competitor 1,2235.434483
11/27/2017,Competitor 2,2032.218675
11/27/2017,Competitor 3,4064.4
11/27/2017,Competitor 4,3657.948795
11/27/2017,Competitor 5,3251.53494
11/27/2017,Competitor 6,2438.63253
11/27/2017,Competitor 7,2641.858132
11/27/2017,Competitor 1,2235.406927
12/4/2017,Competitor 2,2043.211395
12/4/2017,Competitor 3,4086.384807
12/4/2017,Competitor 4,3677.772914
12/4/2017,Competitor 5,3269.123039
12/4/2017,Competitor 6,2451.823288
12/4/2017,Competitor 7,2656.167217
12/4/2017,Competitor 1,2247.517341
12/11/2017,Competitor 2,2043.207089
12/11/2017,Competitor 3,4086.414179
12/11/2017,Competitor 4,3677.744403
12/11/2017,Competitor 5,3269.110075
12/11/2017,Competitor 6,2451.841418
12/11/2017,Competitor 7,2656.158582
12/11/2017,Competitor 1,2247.524254
12/18/2017,Competitor 2,2043.207108
12/18/2017,Competitor 3,4086.414216
12/18/2017,Competitor 4,3677.751471
12/18/2017,Competitor 5,3269.124265
12/18/2017,Competitor 6,2451.834314
12/18/2017,Competitor 7,2656.147917
12/18/2017,Competitor 1,2247.520711
12/25/2017,Competitor 2,2043.196753
12/25/2017,Competitor 3,4086.393505
12/25/2017,Competitor 4,3677.760649
12/25/2017,Competitor 5,3269.127794
12/25/2017,Competitor 6,2451.829608
12/25/2017,Competitor 7,2656.162273
12/25/2017,Competitor 1,2247.529418