"Period","variable","value"
2014-01-06,"(Intercept)",152274.527747155
2014-01-13,"(Intercept)",152274.527747155
2014-01-20,"(Intercept)",152274.527747155
2014-01-27,"(Intercept)",152274.527747155
2014-02-03,"(Intercept)",152274.527747155
2014-02-10,"(Intercept)",152274.527747155
2014-02-17,"(Intercept)",152274.527747155
2014-02-24,"(Intercept)",152274.527747155
2014-03-03,"(Intercept)",152274.527747155
2014-03-10,"(Intercept)",152274.527747155
2014-03-17,"(Intercept)",152274.527747155
2014-03-24,"(Intercept)",152274.527747155
2014-03-31,"(Intercept)",152274.527747155
2014-04-07,"(Intercept)",152274.527747155
2014-04-14,"(Intercept)",152274.527747155
2014-04-21,"(Intercept)",152274.527747155
2014-04-28,"(Intercept)",152274.527747155
2014-05-05,"(Intercept)",152274.527747155
2014-05-12,"(Intercept)",152274.527747155
2014-05-19,"(Intercept)",152274.527747155
2014-05-26,"(Intercept)",152274.527747155
2014-06-02,"(Intercept)",152274.527747155
2014-06-09,"(Intercept)",152274.527747155
2014-06-16,"(Intercept)",152274.527747155
2014-06-23,"(Intercept)",152274.527747155
2014-06-30,"(Intercept)",152274.527747155
2014-07-07,"(Intercept)",152274.527747155
2014-07-14,"(Intercept)",152274.527747155
2014-07-21,"(Intercept)",152274.527747155
2014-07-28,"(Intercept)",152274.527747155
2014-08-04,"(Intercept)",152274.527747155
2014-08-11,"(Intercept)",152274.527747155
2014-08-18,"(Intercept)",152274.527747155
2014-08-25,"(Intercept)",152274.527747155
2014-09-01,"(Intercept)",152274.527747155
2014-09-08,"(Intercept)",152274.527747155
2014-09-15,"(Intercept)",152274.527747155
2014-09-22,"(Intercept)",152274.527747155
2014-09-29,"(Intercept)",152274.527747155
2014-10-06,"(Intercept)",152274.527747155
2014-10-13,"(Intercept)",152274.527747155
2014-10-20,"(Intercept)",152274.527747155
2014-10-27,"(Intercept)",152274.527747155
2014-11-03,"(Intercept)",152274.527747155
2014-11-10,"(Intercept)",152274.527747155
2014-11-17,"(Intercept)",152274.527747155
2014-11-24,"(Intercept)",152274.527747155
2014-12-01,"(Intercept)",152274.527747155
2014-12-08,"(Intercept)",152274.527747155
2014-12-15,"(Intercept)",152274.527747155
2014-12-22,"(Intercept)",152274.527747155
2014-12-29,"(Intercept)",152274.527747155
2015-01-05,"(Intercept)",152274.527747155
2015-01-12,"(Intercept)",152274.527747155
2015-01-19,"(Intercept)",152274.527747155
2015-01-26,"(Intercept)",152274.527747155
2015-02-02,"(Intercept)",152274.527747155
2015-02-09,"(Intercept)",152274.527747155
2015-02-16,"(Intercept)",152274.527747155
2015-02-23,"(Intercept)",152274.527747155
2015-03-02,"(Intercept)",152274.527747155
2015-03-09,"(Intercept)",152274.527747155
2015-03-16,"(Intercept)",152274.527747155
2015-03-23,"(Intercept)",152274.527747155
2015-03-30,"(Intercept)",152274.527747155
2015-04-06,"(Intercept)",152274.527747155
2015-04-13,"(Intercept)",152274.527747155
2015-04-20,"(Intercept)",152274.527747155
2015-04-27,"(Intercept)",152274.527747155
2015-05-04,"(Intercept)",152274.527747155
2015-05-11,"(Intercept)",152274.527747155
2015-05-18,"(Intercept)",152274.527747155
2015-05-25,"(Intercept)",152274.527747155
2015-06-01,"(Intercept)",152274.527747155
2015-06-08,"(Intercept)",152274.527747155
2015-06-15,"(Intercept)",152274.527747155
2015-06-22,"(Intercept)",152274.527747155
2015-06-29,"(Intercept)",152274.527747155
2015-07-06,"(Intercept)",152274.527747155
2015-07-13,"(Intercept)",152274.527747155
2015-07-20,"(Intercept)",152274.527747155
2015-07-27,"(Intercept)",152274.527747155
2015-08-03,"(Intercept)",152274.527747155
2015-08-10,"(Intercept)",152274.527747155
2015-08-17,"(Intercept)",152274.527747155
2015-08-24,"(Intercept)",152274.527747155
2015-08-31,"(Intercept)",152274.527747155
2015-09-07,"(Intercept)",152274.527747155
2015-09-14,"(Intercept)",152274.527747155
2015-09-21,"(Intercept)",152274.527747155
2015-09-28,"(Intercept)",152274.527747155
2015-10-05,"(Intercept)",152274.527747155
2015-10-12,"(Intercept)",152274.527747155
2015-10-19,"(Intercept)",152274.527747155
2015-10-26,"(Intercept)",152274.527747155
2015-11-02,"(Intercept)",152274.527747155
2015-11-09,"(Intercept)",152274.527747155
2015-11-16,"(Intercept)",152274.527747155
2015-11-23,"(Intercept)",152274.527747155
2015-11-30,"(Intercept)",152274.527747155
2015-12-07,"(Intercept)",152274.527747155
2015-12-14,"(Intercept)",152274.527747155
2015-12-21,"(Intercept)",152274.527747155
2015-12-28,"(Intercept)",152274.527747155
2016-01-04,"(Intercept)",152274.527747155
2016-01-11,"(Intercept)",152274.527747155
2016-01-18,"(Intercept)",152274.527747155
2016-01-25,"(Intercept)",152274.527747155
2016-02-01,"(Intercept)",152274.527747155
2016-02-08,"(Intercept)",152274.527747155
2016-02-15,"(Intercept)",152274.527747155
2016-02-22,"(Intercept)",152274.527747155
2016-02-29,"(Intercept)",152274.527747155
2016-03-07,"(Intercept)",152274.527747155
2016-03-14,"(Intercept)",152274.527747155
2016-03-21,"(Intercept)",152274.527747155
2016-03-28,"(Intercept)",152274.527747155
2016-04-04,"(Intercept)",152274.527747155
2016-04-11,"(Intercept)",152274.527747155
2016-04-18,"(Intercept)",152274.527747155
2016-04-25,"(Intercept)",152274.527747155
2016-05-02,"(Intercept)",152274.527747155
2016-05-09,"(Intercept)",152274.527747155
2016-05-16,"(Intercept)",152274.527747155
2016-05-23,"(Intercept)",152274.527747155
2016-05-30,"(Intercept)",152274.527747155
2016-06-06,"(Intercept)",152274.527747155
2016-06-13,"(Intercept)",152274.527747155
2016-06-20,"(Intercept)",152274.527747155
2016-06-27,"(Intercept)",152274.527747155
2016-07-04,"(Intercept)",152274.527747155
2016-07-11,"(Intercept)",152274.527747155
2016-07-18,"(Intercept)",152274.527747155
2016-07-25,"(Intercept)",152274.527747155
2016-08-01,"(Intercept)",152274.527747155
2016-08-08,"(Intercept)",152274.527747155
2016-08-15,"(Intercept)",152274.527747155
2016-08-22,"(Intercept)",152274.527747155
2016-08-29,"(Intercept)",152274.527747155
2016-09-05,"(Intercept)",152274.527747155
2016-09-12,"(Intercept)",152274.527747155
2016-09-19,"(Intercept)",152274.527747155
2016-09-26,"(Intercept)",152274.527747155
2016-10-03,"(Intercept)",152274.527747155
2016-10-10,"(Intercept)",152274.527747155
2016-10-17,"(Intercept)",152274.527747155
2016-10-24,"(Intercept)",152274.527747155
2016-10-31,"(Intercept)",152274.527747155
2016-11-07,"(Intercept)",152274.527747155
2016-11-14,"(Intercept)",152274.527747155
2016-11-21,"(Intercept)",152274.527747155
2016-11-28,"(Intercept)",152274.527747155
2016-12-05,"(Intercept)",152274.527747155
2016-12-12,"(Intercept)",152274.527747155
2016-12-19,"(Intercept)",152274.527747155
2016-12-26,"(Intercept)",152274.527747155
2017-01-02,"(Intercept)",152274.527747155
2017-01-09,"(Intercept)",152274.527747155
2017-01-16,"(Intercept)",152274.527747155
2017-01-23,"(Intercept)",152274.527747155
2017-01-30,"(Intercept)",152274.527747155
2017-02-06,"(Intercept)",152274.527747155
2017-02-13,"(Intercept)",152274.527747155
2017-02-20,"(Intercept)",152274.527747155
2017-02-27,"(Intercept)",152274.527747155
2017-03-06,"(Intercept)",152274.527747155
2017-03-13,"(Intercept)",152274.527747155
2017-03-20,"(Intercept)",152274.527747155
2017-03-27,"(Intercept)",152274.527747155
2017-04-03,"(Intercept)",152274.527747155
2017-04-10,"(Intercept)",152274.527747155
2017-04-17,"(Intercept)",152274.527747155
2017-04-24,"(Intercept)",152274.527747155
2017-05-01,"(Intercept)",152274.527747155
2017-05-08,"(Intercept)",152274.527747155
2017-05-15,"(Intercept)",152274.527747155
2017-05-22,"(Intercept)",152274.527747155
2017-05-29,"(Intercept)",152274.527747155
2017-06-05,"(Intercept)",152274.527747155
2017-06-12,"(Intercept)",152274.527747155
2017-06-19,"(Intercept)",152274.527747155
2017-06-26,"(Intercept)",152274.527747155
2017-07-03,"(Intercept)",152274.527747155
2017-07-10,"(Intercept)",152274.527747155
2017-07-17,"(Intercept)",152274.527747155
2017-07-24,"(Intercept)",152274.527747155
2017-07-31,"(Intercept)",152274.527747155
2017-08-07,"(Intercept)",152274.527747155
2017-08-14,"(Intercept)",152274.527747155
2017-08-21,"(Intercept)",152274.527747155
2017-08-28,"(Intercept)",152274.527747155
2017-09-04,"(Intercept)",152274.527747155
2017-09-11,"(Intercept)",152274.527747155
2017-09-18,"(Intercept)",152274.527747155
2017-09-25,"(Intercept)",152274.527747155
2017-10-02,"(Intercept)",152274.527747155
2017-10-09,"(Intercept)",152274.527747155
2017-10-16,"(Intercept)",152274.527747155
2017-10-23,"(Intercept)",152274.527747155
2017-10-30,"(Intercept)",152274.527747155
2017-11-06,"(Intercept)",152274.527747155
2017-11-13,"(Intercept)",152274.527747155
2017-11-20,"(Intercept)",152274.527747155
2017-11-27,"(Intercept)",152274.527747155
2017-12-04,"(Intercept)",152274.527747155
2017-12-11,"(Intercept)",152274.527747155
2017-12-18,"(Intercept)",152274.527747155
2017-12-25,"(Intercept)",152274.527747155
2014-01-06,"July_4th",0
2014-01-13,"July_4th",0
2014-01-20,"July_4th",0
2014-01-27,"July_4th",0
2014-02-03,"July_4th",0
2014-02-10,"July_4th",0
2014-02-17,"July_4th",0
2014-02-24,"July_4th",0
2014-03-03,"July_4th",0
2014-03-10,"July_4th",0
2014-03-17,"July_4th",0
2014-03-24,"July_4th",0
2014-03-31,"July_4th",0
2014-04-07,"July_4th",0
2014-04-14,"July_4th",0
2014-04-21,"July_4th",0
2014-04-28,"July_4th",0
2014-05-05,"July_4th",0
2014-05-12,"July_4th",0
2014-05-19,"July_4th",0
2014-05-26,"July_4th",0
2014-06-02,"July_4th",0
2014-06-09,"July_4th",0
2014-06-16,"July_4th",0
2014-06-23,"July_4th",0
2014-06-30,"July_4th",0
2014-07-07,"July_4th",119526.610095007
2014-07-14,"July_4th",0
2014-07-21,"July_4th",0
2014-07-28,"July_4th",0
2014-08-04,"July_4th",0
2014-08-11,"July_4th",0
2014-08-18,"July_4th",0
2014-08-25,"July_4th",0
2014-09-01,"July_4th",0
2014-09-08,"July_4th",0
2014-09-15,"July_4th",0
2014-09-22,"July_4th",0
2014-09-29,"July_4th",0
2014-10-06,"July_4th",0
2014-10-13,"July_4th",0
2014-10-20,"July_4th",0
2014-10-27,"July_4th",0
2014-11-03,"July_4th",0
2014-11-10,"July_4th",0
2014-11-17,"July_4th",0
2014-11-24,"July_4th",0
2014-12-01,"July_4th",0
2014-12-08,"July_4th",0
2014-12-15,"July_4th",0
2014-12-22,"July_4th",0
2014-12-29,"July_4th",0
2015-01-05,"July_4th",0
2015-01-12,"July_4th",0
2015-01-19,"July_4th",0
2015-01-26,"July_4th",0
2015-02-02,"July_4th",0
2015-02-09,"July_4th",0
2015-02-16,"July_4th",0
2015-02-23,"July_4th",0
2015-03-02,"July_4th",0
2015-03-09,"July_4th",0
2015-03-16,"July_4th",0
2015-03-23,"July_4th",0
2015-03-30,"July_4th",0
2015-04-06,"July_4th",0
2015-04-13,"July_4th",0
2015-04-20,"July_4th",0
2015-04-27,"July_4th",0
2015-05-04,"July_4th",0
2015-05-11,"July_4th",0
2015-05-18,"July_4th",0
2015-05-25,"July_4th",0
2015-06-01,"July_4th",0
2015-06-08,"July_4th",0
2015-06-15,"July_4th",0
2015-06-22,"July_4th",0
2015-06-29,"July_4th",0
2015-07-06,"July_4th",119526.610095007
2015-07-13,"July_4th",0
2015-07-20,"July_4th",0
2015-07-27,"July_4th",0
2015-08-03,"July_4th",0
2015-08-10,"July_4th",0
2015-08-17,"July_4th",0
2015-08-24,"July_4th",0
2015-08-31,"July_4th",0
2015-09-07,"July_4th",0
2015-09-14,"July_4th",0
2015-09-21,"July_4th",0
2015-09-28,"July_4th",0
2015-10-05,"July_4th",0
2015-10-12,"July_4th",0
2015-10-19,"July_4th",0
2015-10-26,"July_4th",0
2015-11-02,"July_4th",0
2015-11-09,"July_4th",0
2015-11-16,"July_4th",0
2015-11-23,"July_4th",0
2015-11-30,"July_4th",0
2015-12-07,"July_4th",0
2015-12-14,"July_4th",0
2015-12-21,"July_4th",0
2015-12-28,"July_4th",0
2016-01-04,"July_4th",0
2016-01-11,"July_4th",0
2016-01-18,"July_4th",0
2016-01-25,"July_4th",0
2016-02-01,"July_4th",0
2016-02-08,"July_4th",0
2016-02-15,"July_4th",0
2016-02-22,"July_4th",0
2016-02-29,"July_4th",0
2016-03-07,"July_4th",0
2016-03-14,"July_4th",0
2016-03-21,"July_4th",0
2016-03-28,"July_4th",0
2016-04-04,"July_4th",0
2016-04-11,"July_4th",0
2016-04-18,"July_4th",0
2016-04-25,"July_4th",0
2016-05-02,"July_4th",0
2016-05-09,"July_4th",0
2016-05-16,"July_4th",0
2016-05-23,"July_4th",0
2016-05-30,"July_4th",0
2016-06-06,"July_4th",0
2016-06-13,"July_4th",0
2016-06-20,"July_4th",0
2016-06-27,"July_4th",0
2016-07-04,"July_4th",119526.610095007
2016-07-11,"July_4th",0
2016-07-18,"July_4th",0
2016-07-25,"July_4th",0
2016-08-01,"July_4th",0
2016-08-08,"July_4th",0
2016-08-15,"July_4th",0
2016-08-22,"July_4th",0
2016-08-29,"July_4th",0
2016-09-05,"July_4th",0
2016-09-12,"July_4th",0
2016-09-19,"July_4th",0
2016-09-26,"July_4th",0
2016-10-03,"July_4th",0
2016-10-10,"July_4th",0
2016-10-17,"July_4th",0
2016-10-24,"July_4th",0
2016-10-31,"July_4th",0
2016-11-07,"July_4th",0
2016-11-14,"July_4th",0
2016-11-21,"July_4th",0
2016-11-28,"July_4th",0
2016-12-05,"July_4th",0
2016-12-12,"July_4th",0
2016-12-19,"July_4th",0
2016-12-26,"July_4th",0
2017-01-02,"July_4th",0
2017-01-09,"July_4th",0
2017-01-16,"July_4th",0
2017-01-23,"July_4th",0
2017-01-30,"July_4th",0
2017-02-06,"July_4th",0
2017-02-13,"July_4th",0
2017-02-20,"July_4th",0
2017-02-27,"July_4th",0
2017-03-06,"July_4th",0
2017-03-13,"July_4th",0
2017-03-20,"July_4th",0
2017-03-27,"July_4th",0
2017-04-03,"July_4th",0
2017-04-10,"July_4th",0
2017-04-17,"July_4th",0
2017-04-24,"July_4th",0
2017-05-01,"July_4th",0
2017-05-08,"July_4th",0
2017-05-15,"July_4th",0
2017-05-22,"July_4th",0
2017-05-29,"July_4th",0
2017-06-05,"July_4th",0
2017-06-12,"July_4th",0
2017-06-19,"July_4th",0
2017-06-26,"July_4th",0
2017-07-03,"July_4th",119526.610095007
2017-07-10,"July_4th",0
2017-07-17,"July_4th",0
2017-07-24,"July_4th",0
2017-07-31,"July_4th",0
2017-08-07,"July_4th",0
2017-08-14,"July_4th",0
2017-08-21,"July_4th",0
2017-08-28,"July_4th",0
2017-09-04,"July_4th",0
2017-09-11,"July_4th",0
2017-09-18,"July_4th",0
2017-09-25,"July_4th",0
2017-10-02,"July_4th",0
2017-10-09,"July_4th",0
2017-10-16,"July_4th",0
2017-10-23,"July_4th",0
2017-10-30,"July_4th",0
2017-11-06,"July_4th",0
2017-11-13,"July_4th",0
2017-11-20,"July_4th",0
2017-11-27,"July_4th",0
2017-12-04,"July_4th",0
2017-12-11,"July_4th",0
2017-12-18,"July_4th",0
2017-12-25,"July_4th",0
2014-01-06,"Black_Friday",0
2014-01-13,"Black_Friday",0
2014-01-20,"Black_Friday",0
2014-01-27,"Black_Friday",0
2014-02-03,"Black_Friday",0
2014-02-10,"Black_Friday",0
2014-02-17,"Black_Friday",0
2014-02-24,"Black_Friday",0
2014-03-03,"Black_Friday",0
2014-03-10,"Black_Friday",0
2014-03-17,"Black_Friday",0
2014-03-24,"Black_Friday",0
2014-03-31,"Black_Friday",0
2014-04-07,"Black_Friday",0
2014-04-14,"Black_Friday",0
2014-04-21,"Black_Friday",0
2014-04-28,"Black_Friday",0
2014-05-05,"Black_Friday",0
2014-05-12,"Black_Friday",0
2014-05-19,"Black_Friday",0
2014-05-26,"Black_Friday",0
2014-06-02,"Black_Friday",0
2014-06-09,"Black_Friday",0
2014-06-16,"Black_Friday",0
2014-06-23,"Black_Friday",0
2014-06-30,"Black_Friday",0
2014-07-07,"Black_Friday",0
2014-07-14,"Black_Friday",0
2014-07-21,"Black_Friday",0
2014-07-28,"Black_Friday",0
2014-08-04,"Black_Friday",0
2014-08-11,"Black_Friday",0
2014-08-18,"Black_Friday",0
2014-08-25,"Black_Friday",0
2014-09-01,"Black_Friday",0
2014-09-08,"Black_Friday",0
2014-09-15,"Black_Friday",0
2014-09-22,"Black_Friday",0
2014-09-29,"Black_Friday",0
2014-10-06,"Black_Friday",0
2014-10-13,"Black_Friday",0
2014-10-20,"Black_Friday",0
2014-10-27,"Black_Friday",0
2014-11-03,"Black_Friday",0
2014-11-10,"Black_Friday",0
2014-11-17,"Black_Friday",0
2014-11-24,"Black_Friday",221347.446191627
2014-12-01,"Black_Friday",0
2014-12-08,"Black_Friday",0
2014-12-15,"Black_Friday",0
2014-12-22,"Black_Friday",0
2014-12-29,"Black_Friday",0
2015-01-05,"Black_Friday",0
2015-01-12,"Black_Friday",0
2015-01-19,"Black_Friday",0
2015-01-26,"Black_Friday",0
2015-02-02,"Black_Friday",0
2015-02-09,"Black_Friday",0
2015-02-16,"Black_Friday",0
2015-02-23,"Black_Friday",0
2015-03-02,"Black_Friday",0
2015-03-09,"Black_Friday",0
2015-03-16,"Black_Friday",0
2015-03-23,"Black_Friday",0
2015-03-30,"Black_Friday",0
2015-04-06,"Black_Friday",0
2015-04-13,"Black_Friday",0
2015-04-20,"Black_Friday",0
2015-04-27,"Black_Friday",0
2015-05-04,"Black_Friday",0
2015-05-11,"Black_Friday",0
2015-05-18,"Black_Friday",0
2015-05-25,"Black_Friday",0
2015-06-01,"Black_Friday",0
2015-06-08,"Black_Friday",0
2015-06-15,"Black_Friday",0
2015-06-22,"Black_Friday",0
2015-06-29,"Black_Friday",0
2015-07-06,"Black_Friday",0
2015-07-13,"Black_Friday",0
2015-07-20,"Black_Friday",0
2015-07-27,"Black_Friday",0
2015-08-03,"Black_Friday",0
2015-08-10,"Black_Friday",0
2015-08-17,"Black_Friday",0
2015-08-24,"Black_Friday",0
2015-08-31,"Black_Friday",0
2015-09-07,"Black_Friday",0
2015-09-14,"Black_Friday",0
2015-09-21,"Black_Friday",0
2015-09-28,"Black_Friday",0
2015-10-05,"Black_Friday",0
2015-10-12,"Black_Friday",0
2015-10-19,"Black_Friday",0
2015-10-26,"Black_Friday",0
2015-11-02,"Black_Friday",0
2015-11-09,"Black_Friday",0
2015-11-16,"Black_Friday",0
2015-11-23,"Black_Friday",0
2015-11-30,"Black_Friday",221347.446191627
2015-12-07,"Black_Friday",0
2015-12-14,"Black_Friday",0
2015-12-21,"Black_Friday",0
2015-12-28,"Black_Friday",0
2016-01-04,"Black_Friday",0
2016-01-11,"Black_Friday",0
2016-01-18,"Black_Friday",0
2016-01-25,"Black_Friday",0
2016-02-01,"Black_Friday",0
2016-02-08,"Black_Friday",0
2016-02-15,"Black_Friday",0
2016-02-22,"Black_Friday",0
2016-02-29,"Black_Friday",0
2016-03-07,"Black_Friday",0
2016-03-14,"Black_Friday",0
2016-03-21,"Black_Friday",0
2016-03-28,"Black_Friday",0
2016-04-04,"Black_Friday",0
2016-04-11,"Black_Friday",0
2016-04-18,"Black_Friday",0
2016-04-25,"Black_Friday",0
2016-05-02,"Black_Friday",0
2016-05-09,"Black_Friday",0
2016-05-16,"Black_Friday",0
2016-05-23,"Black_Friday",0
2016-05-30,"Black_Friday",0
2016-06-06,"Black_Friday",0
2016-06-13,"Black_Friday",0
2016-06-20,"Black_Friday",0
2016-06-27,"Black_Friday",0
2016-07-04,"Black_Friday",0
2016-07-11,"Black_Friday",0
2016-07-18,"Black_Friday",0
2016-07-25,"Black_Friday",0
2016-08-01,"Black_Friday",0
2016-08-08,"Black_Friday",0
2016-08-15,"Black_Friday",0
2016-08-22,"Black_Friday",0
2016-08-29,"Black_Friday",0
2016-09-05,"Black_Friday",0
2016-09-12,"Black_Friday",0
2016-09-19,"Black_Friday",0
2016-09-26,"Black_Friday",0
2016-10-03,"Black_Friday",0
2016-10-10,"Black_Friday",0
2016-10-17,"Black_Friday",0
2016-10-24,"Black_Friday",0
2016-10-31,"Black_Friday",0
2016-11-07,"Black_Friday",0
2016-11-14,"Black_Friday",0
2016-11-21,"Black_Friday",0
2016-11-28,"Black_Friday",221347.446191627
2016-12-05,"Black_Friday",0
2016-12-12,"Black_Friday",0
2016-12-19,"Black_Friday",0
2016-12-26,"Black_Friday",0
2017-01-02,"Black_Friday",0
2017-01-09,"Black_Friday",0
2017-01-16,"Black_Friday",0
2017-01-23,"Black_Friday",0
2017-01-30,"Black_Friday",0
2017-02-06,"Black_Friday",0
2017-02-13,"Black_Friday",0
2017-02-20,"Black_Friday",0
2017-02-27,"Black_Friday",0
2017-03-06,"Black_Friday",0
2017-03-13,"Black_Friday",0
2017-03-20,"Black_Friday",0
2017-03-27,"Black_Friday",0
2017-04-03,"Black_Friday",0
2017-04-10,"Black_Friday",0
2017-04-17,"Black_Friday",0
2017-04-24,"Black_Friday",0
2017-05-01,"Black_Friday",0
2017-05-08,"Black_Friday",0
2017-05-15,"Black_Friday",0
2017-05-22,"Black_Friday",0
2017-05-29,"Black_Friday",0
2017-06-05,"Black_Friday",0
2017-06-12,"Black_Friday",0
2017-06-19,"Black_Friday",0
2017-06-26,"Black_Friday",0
2017-07-03,"Black_Friday",0
2017-07-10,"Black_Friday",0
2017-07-17,"Black_Friday",0
2017-07-24,"Black_Friday",0
2017-07-31,"Black_Friday",0
2017-08-07,"Black_Friday",0
2017-08-14,"Black_Friday",0
2017-08-21,"Black_Friday",0
2017-08-28,"Black_Friday",0
2017-09-04,"Black_Friday",0
2017-09-11,"Black_Friday",0
2017-09-18,"Black_Friday",0
2017-09-25,"Black_Friday",0
2017-10-02,"Black_Friday",0
2017-10-09,"Black_Friday",0
2017-10-16,"Black_Friday",0
2017-10-23,"Black_Friday",0
2017-10-30,"Black_Friday",0
2017-11-06,"Black_Friday",0
2017-11-13,"Black_Friday",0
2017-11-20,"Black_Friday",0
2017-11-27,"Black_Friday",221347.446191627
2017-12-04,"Black_Friday",0
2017-12-11,"Black_Friday",0
2017-12-18,"Black_Friday",0
2017-12-25,"Black_Friday",0
2014-01-06,"CCI",20275.1468823457
2014-01-13,"CCI",20275.1468823457
2014-01-20,"CCI",20275.1468823457
2014-01-27,"CCI",20375.0244531947
2014-02-03,"CCI",20375.0244531947
2014-02-10,"CCI",20375.0244531947
2014-02-17,"CCI",20375.0244531947
2014-02-24,"CCI",19975.5141697987
2014-03-03,"CCI",19975.5141697987
2014-03-10,"CCI",19975.5141697987
2014-03-17,"CCI",19975.5141697987
2014-03-24,"CCI",19975.5141697987
2014-03-31,"CCI",20999.2592710009
2014-04-07,"CCI",20999.2592710009
2014-04-14,"CCI",20999.2592710009
2014-04-21,"CCI",20999.2592710009
2014-04-28,"CCI",20449.9326313314
2014-05-05,"CCI",20449.9326313314
2014-05-12,"CCI",20449.9326313314
2014-05-19,"CCI",20449.9326313314
2014-05-26,"CCI",20599.7489876049
2014-06-02,"CCI",20599.7489876049
2014-06-09,"CCI",20599.7489876049
2014-06-16,"CCI",20599.7489876049
2014-06-23,"CCI",20599.7489876049
2014-06-30,"CCI",20424.9632386192
2014-07-07,"CCI",20424.9632386192
2014-07-14,"CCI",20424.9632386192
2014-07-21,"CCI",20424.9632386192
2014-07-28,"CCI",20599.7489876049
2014-08-04,"CCI",20599.7489876049
2014-08-11,"CCI",20599.7489876049
2014-08-18,"CCI",20599.7489876049
2014-08-25,"CCI",20599.7489876049
2014-09-01,"CCI",21124.1062345621
2014-09-08,"CCI",21124.1062345621
2014-09-15,"CCI",21124.1062345621
2014-09-22,"CCI",21124.1062345621
2014-09-29,"CCI",21698.4022669438
2014-10-06,"CCI",21698.4022669438
2014-10-13,"CCI",21698.4022669438
2014-10-20,"CCI",21698.4022669438
2014-10-27,"CCI",22172.8207284766
2014-11-03,"CCI",22172.8207284766
2014-11-10,"CCI",22172.8207284766
2014-11-17,"CCI",22172.8207284766
2014-11-24,"CCI",22172.8207284766
2014-12-01,"CCI",23371.3515786645
2014-12-08,"CCI",23371.3515786645
2014-12-15,"CCI",23371.3515786645
2014-12-22,"CCI",23371.3515786645
2014-12-29,"CCI",24494.9742507156
2015-01-05,"CCI",24494.9742507156
2015-01-12,"CCI",24494.9742507156
2015-01-19,"CCI",24494.9742507156
2015-01-26,"CCI",23820.8006474849
2015-02-02,"CCI",23820.8006474849
2015-02-09,"CCI",23820.8006474849
2015-02-16,"CCI",23820.8006474849
2015-02-23,"CCI",23221.535222391
2015-03-02,"CCI",23221.535222391
2015-03-09,"CCI",23221.535222391
2015-03-16,"CCI",23221.535222391
2015-03-23,"CCI",23221.535222391
2015-03-30,"CCI",23945.6476110462
2015-04-06,"CCI",23945.6476110462
2015-04-13,"CCI",23945.6476110462
2015-04-20,"CCI",23945.6476110462
2015-04-27,"CCI",22647.2391900093
2015-05-04,"CCI",22647.2391900093
2015-05-11,"CCI",22647.2391900093
2015-05-18,"CCI",22647.2391900093
2015-05-25,"CCI",22647.2391900093
2015-06-01,"CCI",23995.5863964707
2015-06-08,"CCI",23995.5863964707
2015-06-15,"CCI",23995.5863964707
2015-06-22,"CCI",23995.5863964707
2015-06-29,"CCI",23246.5046151032
2015-07-06,"CCI",23246.5046151032
2015-07-13,"CCI",23246.5046151032
2015-07-20,"CCI",23246.5046151032
2015-07-27,"CCI",22946.8719025563
2015-08-03,"CCI",22946.8719025563
2015-08-10,"CCI",22946.8719025563
2015-08-17,"CCI",22946.8719025563
2015-08-24,"CCI",22946.8719025563
2015-08-31,"CCI",21773.3104450806
2015-09-07,"CCI",21773.3104450806
2015-09-14,"CCI",21773.3104450806
2015-09-21,"CCI",21773.3104450806
2015-09-28,"CCI",22472.4534410235
2015-10-05,"CCI",22472.4534410235
2015-10-12,"CCI",22472.4534410235
2015-10-19,"CCI",22472.4534410235
2015-10-26,"CCI",22797.0555462828
2015-11-02,"CCI",22797.0555462828
2015-11-09,"CCI",22797.0555462828
2015-11-16,"CCI",22797.0555462828
2015-11-23,"CCI",22797.0555462828
2015-11-30,"CCI",23121.657651542
2015-12-07,"CCI",23121.657651542
2015-12-14,"CCI",23121.657651542
2015-12-21,"CCI",23121.657651542
2015-12-28,"CCI",22971.8412952685
2016-01-04,"CCI",22971.8412952685
2016-01-11,"CCI",22971.8412952685
2016-01-18,"CCI",22971.8412952685
2016-01-25,"CCI",22971.8412952685
2016-02-01,"CCI",22896.9331171318
2016-02-08,"CCI",22896.9331171318
2016-02-15,"CCI",22896.9331171318
2016-02-22,"CCI",22896.9331171318
2016-02-29,"CCI",22722.147368146
2016-03-07,"CCI",22722.147368146
2016-03-14,"CCI",22722.147368146
2016-03-21,"CCI",22722.147368146
2016-03-28,"CCI",22222.759513901
2016-04-04,"CCI",22222.759513901
2016-04-11,"CCI",22222.759513901
2016-04-18,"CCI",22222.759513901
2016-04-25,"CCI",23646.0148984992
2016-05-02,"CCI",23646.0148984992
2016-05-09,"CCI",23646.0148984992
2016-05-16,"CCI",23646.0148984992
2016-05-23,"CCI",23646.0148984992
2016-05-30,"CCI",23346.3821859522
2016-06-06,"CCI",23346.3821859522
2016-06-13,"CCI",23346.3821859522
2016-06-20,"CCI",23346.3821859522
2016-06-27,"CCI",22472.4534410235
2016-07-04,"CCI",22472.4534410235
2016-07-11,"CCI",22472.4534410235
2016-07-18,"CCI",22472.4534410235
2016-07-25,"CCI",22422.514655599
2016-08-01,"CCI",22422.514655599
2016-08-08,"CCI",22422.514655599
2016-08-15,"CCI",22422.514655599
2016-08-22,"CCI",22422.514655599
2016-08-29,"CCI",22772.0861535705
2016-09-05,"CCI",22772.0861535705
2016-09-12,"CCI",22772.0861535705
2016-09-19,"CCI",22772.0861535705
2016-09-26,"CCI",21773.3104450806
2016-10-03,"CCI",21773.3104450806
2016-10-10,"CCI",21773.3104450806
2016-10-17,"CCI",21773.3104450806
2016-10-24,"CCI",21773.3104450806
2016-10-31,"CCI",23421.290364089
2016-11-07,"CCI",23421.290364089
2016-11-14,"CCI",23421.290364089
2016-11-21,"CCI",23421.290364089
2016-11-28,"CCI",24519.9436434279
2016-12-05,"CCI",24519.9436434279
2016-12-12,"CCI",24519.9436434279
2016-12-19,"CCI",24519.9436434279
2016-12-26,"CCI",24594.8518215646
2017-01-02,"CCI",24594.8518215646
2017-01-09,"CCI",24594.8518215646
2017-01-16,"CCI",24594.8518215646
2017-01-23,"CCI",24594.8518215646
2017-01-30,"CCI",24045.5251818952
2017-02-06,"CCI",24045.5251818952
2017-02-13,"CCI",24045.5251818952
2017-02-20,"CCI",24045.5251818952
2017-02-27,"CCI",24195.3415381687
2017-03-06,"CCI",24195.3415381687
2017-03-13,"CCI",24195.3415381687
2017-03-20,"CCI",24195.3415381687
2017-03-27,"CCI",24220.3109308809
2017-04-03,"CCI",24220.3109308809
2017-04-10,"CCI",24220.3109308809
2017-04-17,"CCI",24220.3109308809
2017-04-24,"CCI",24220.3109308809
2017-05-01,"CCI",24245.2803235932
2017-05-08,"CCI",24245.2803235932
2017-05-15,"CCI",24245.2803235932
2017-05-22,"CCI",24245.2803235932
2017-05-29,"CCI",23720.923076636
2017-06-05,"CCI",23720.923076636
2017-06-12,"CCI",23720.923076636
2017-06-19,"CCI",23720.923076636
2017-06-26,"CCI",23321.41279324
2017-07-03,"CCI",23321.41279324
2017-07-10,"CCI",23321.41279324
2017-07-17,"CCI",23321.41279324
2017-07-24,"CCI",23321.41279324
2017-07-31,"CCI",24170.3721454564
2017-08-07,"CCI",24170.3721454564
2017-08-14,"CCI",24170.3721454564
2017-08-21,"CCI",24170.3721454564
2017-08-28,"CCI",23745.8924693482
2017-09-04,"CCI",23745.8924693482
2017-09-11,"CCI",23745.8924693482
2017-09-18,"CCI",23745.8924693482
2017-09-25,"CCI",25144.1784612341
2017-10-02,"CCI",25144.1784612341
2017-10-09,"CCI",25144.1784612341
2017-10-16,"CCI",25144.1784612341
2017-10-23,"CCI",25144.1784612341
2017-10-30,"CCI",24594.8518215646
2017-11-06,"CCI",24594.8518215646
2017-11-13,"CCI",24594.8518215646
2017-11-20,"CCI",24594.8518215646
2017-11-27,"CCI",23945.6476110462
2017-12-04,"CCI",23945.6476110462
2017-12-11,"CCI",23945.6476110462
2017-12-18,"CCI",23945.6476110462
2017-12-25,"CCI",23945.6476110462
2014-01-06,"Sales.Event",0
2014-01-13,"Sales.Event",0
2014-01-20,"Sales.Event",0
2014-01-27,"Sales.Event",0
2014-02-03,"Sales.Event",0
2014-02-10,"Sales.Event",0
2014-02-17,"Sales.Event",0
2014-02-24,"Sales.Event",0
2014-03-03,"Sales.Event",0
2014-03-10,"Sales.Event",0
2014-03-17,"Sales.Event",0
2014-03-24,"Sales.Event",0
2014-03-31,"Sales.Event",0
2014-04-07,"Sales.Event",0
2014-04-14,"Sales.Event",0
2014-04-21,"Sales.Event",0
2014-04-28,"Sales.Event",0
2014-05-05,"Sales.Event",0
2014-05-12,"Sales.Event",0
2014-05-19,"Sales.Event",0
2014-05-26,"Sales.Event",0
2014-06-02,"Sales.Event",0
2014-06-09,"Sales.Event",0
2014-06-16,"Sales.Event",0
2014-06-23,"Sales.Event",0
2014-06-30,"Sales.Event",0
2014-07-07,"Sales.Event",28847.5334994766
2014-07-14,"Sales.Event",28847.5334994766
2014-07-21,"Sales.Event",28847.5334994766
2014-07-28,"Sales.Event",28847.5334994766
2014-08-04,"Sales.Event",28847.5334994766
2014-08-11,"Sales.Event",28847.5334994766
2014-08-18,"Sales.Event",28847.5334994766
2014-08-25,"Sales.Event",0
2014-09-01,"Sales.Event",0
2014-09-08,"Sales.Event",0
2014-09-15,"Sales.Event",0
2014-09-22,"Sales.Event",0
2014-09-29,"Sales.Event",0
2014-10-06,"Sales.Event",0
2014-10-13,"Sales.Event",0
2014-10-20,"Sales.Event",0
2014-10-27,"Sales.Event",0
2014-11-03,"Sales.Event",0
2014-11-10,"Sales.Event",0
2014-11-17,"Sales.Event",28847.5334994766
2014-11-24,"Sales.Event",28847.5334994766
2014-12-01,"Sales.Event",28847.5334994766
2014-12-08,"Sales.Event",28847.5334994766
2014-12-15,"Sales.Event",28847.5334994766
2014-12-22,"Sales.Event",0
2014-12-29,"Sales.Event",0
2015-01-05,"Sales.Event",0
2015-01-12,"Sales.Event",0
2015-01-19,"Sales.Event",0
2015-01-26,"Sales.Event",0
2015-02-02,"Sales.Event",0
2015-02-09,"Sales.Event",0
2015-02-16,"Sales.Event",0
2015-02-23,"Sales.Event",0
2015-03-02,"Sales.Event",0
2015-03-09,"Sales.Event",0
2015-03-16,"Sales.Event",0
2015-03-23,"Sales.Event",0
2015-03-30,"Sales.Event",0
2015-04-06,"Sales.Event",0
2015-04-13,"Sales.Event",0
2015-04-20,"Sales.Event",0
2015-04-27,"Sales.Event",0
2015-05-04,"Sales.Event",0
2015-05-11,"Sales.Event",0
2015-05-18,"Sales.Event",0
2015-05-25,"Sales.Event",0
2015-06-01,"Sales.Event",0
2015-06-08,"Sales.Event",0
2015-06-15,"Sales.Event",0
2015-06-22,"Sales.Event",0
2015-06-29,"Sales.Event",0
2015-07-06,"Sales.Event",28847.5334994766
2015-07-13,"Sales.Event",28847.5334994766
2015-07-20,"Sales.Event",28847.5334994766
2015-07-27,"Sales.Event",28847.5334994766
2015-08-03,"Sales.Event",28847.5334994766
2015-08-10,"Sales.Event",28847.5334994766
2015-08-17,"Sales.Event",28847.5334994766
2015-08-24,"Sales.Event",0
2015-08-31,"Sales.Event",0
2015-09-07,"Sales.Event",0
2015-09-14,"Sales.Event",0
2015-09-21,"Sales.Event",0
2015-09-28,"Sales.Event",0
2015-10-05,"Sales.Event",0
2015-10-12,"Sales.Event",0
2015-10-19,"Sales.Event",0
2015-10-26,"Sales.Event",0
2015-11-02,"Sales.Event",28847.5334994766
2015-11-09,"Sales.Event",28847.5334994766
2015-11-16,"Sales.Event",28847.5334994766
2015-11-23,"Sales.Event",28847.5334994766
2015-11-30,"Sales.Event",28847.5334994766
2015-12-07,"Sales.Event",28847.5334994766
2015-12-14,"Sales.Event",28847.5334994766
2015-12-21,"Sales.Event",0
2015-12-28,"Sales.Event",0
2016-01-04,"Sales.Event",0
2016-01-11,"Sales.Event",0
2016-01-18,"Sales.Event",0
2016-01-25,"Sales.Event",0
2016-02-01,"Sales.Event",0
2016-02-08,"Sales.Event",0
2016-02-15,"Sales.Event",0
2016-02-22,"Sales.Event",0
2016-02-29,"Sales.Event",0
2016-03-07,"Sales.Event",0
2016-03-14,"Sales.Event",0
2016-03-21,"Sales.Event",0
2016-03-28,"Sales.Event",0
2016-04-04,"Sales.Event",0
2016-04-11,"Sales.Event",0
2016-04-18,"Sales.Event",0
2016-04-25,"Sales.Event",0
2016-05-02,"Sales.Event",0
2016-05-09,"Sales.Event",0
2016-05-16,"Sales.Event",0
2016-05-23,"Sales.Event",0
2016-05-30,"Sales.Event",0
2016-06-06,"Sales.Event",0
2016-06-13,"Sales.Event",0
2016-06-20,"Sales.Event",0
2016-06-27,"Sales.Event",28847.5334994766
2016-07-04,"Sales.Event",28847.5334994766
2016-07-11,"Sales.Event",28847.5334994766
2016-07-18,"Sales.Event",28847.5334994766
2016-07-25,"Sales.Event",28847.5334994766
2016-08-01,"Sales.Event",28847.5334994766
2016-08-08,"Sales.Event",28847.5334994766
2016-08-15,"Sales.Event",0
2016-08-22,"Sales.Event",0
2016-08-29,"Sales.Event",0
2016-09-05,"Sales.Event",0
2016-09-12,"Sales.Event",0
2016-09-19,"Sales.Event",0
2016-09-26,"Sales.Event",0
2016-10-03,"Sales.Event",0
2016-10-10,"Sales.Event",0
2016-10-17,"Sales.Event",0
2016-10-24,"Sales.Event",0
2016-10-31,"Sales.Event",0
2016-11-07,"Sales.Event",28847.5334994766
2016-11-14,"Sales.Event",28847.5334994766
2016-11-21,"Sales.Event",28847.5334994766
2016-11-28,"Sales.Event",28847.5334994766
2016-12-05,"Sales.Event",28847.5334994766
2016-12-12,"Sales.Event",0
2016-12-19,"Sales.Event",0
2016-12-26,"Sales.Event",0
2017-01-02,"Sales.Event",0
2017-01-09,"Sales.Event",0
2017-01-16,"Sales.Event",0
2017-01-23,"Sales.Event",0
2017-01-30,"Sales.Event",0
2017-02-06,"Sales.Event",0
2017-02-13,"Sales.Event",0
2017-02-20,"Sales.Event",0
2017-02-27,"Sales.Event",0
2017-03-06,"Sales.Event",0
2017-03-13,"Sales.Event",0
2017-03-20,"Sales.Event",0
2017-03-27,"Sales.Event",0
2017-04-03,"Sales.Event",0
2017-04-10,"Sales.Event",0
2017-04-17,"Sales.Event",0
2017-04-24,"Sales.Event",0
2017-05-01,"Sales.Event",0
2017-05-08,"Sales.Event",0
2017-05-15,"Sales.Event",0
2017-05-22,"Sales.Event",0
2017-05-29,"Sales.Event",0
2017-06-05,"Sales.Event",0
2017-06-12,"Sales.Event",0
2017-06-19,"Sales.Event",0
2017-06-26,"Sales.Event",0
2017-07-03,"Sales.Event",28847.5334994766
2017-07-10,"Sales.Event",28847.5334994766
2017-07-17,"Sales.Event",28847.5334994766
2017-07-24,"Sales.Event",28847.5334994766
2017-07-31,"Sales.Event",28847.5334994766
2017-08-07,"Sales.Event",28847.5334994766
2017-08-14,"Sales.Event",28847.5334994766
2017-08-21,"Sales.Event",0
2017-08-28,"Sales.Event",0
2017-09-04,"Sales.Event",0
2017-09-11,"Sales.Event",0
2017-09-18,"Sales.Event",0
2017-09-25,"Sales.Event",0
2017-10-02,"Sales.Event",0
2017-10-09,"Sales.Event",0
2017-10-16,"Sales.Event",0
2017-10-23,"Sales.Event",0
2017-10-30,"Sales.Event",0
2017-11-06,"Sales.Event",28847.5334994766
2017-11-13,"Sales.Event",28847.5334994766
2017-11-20,"Sales.Event",28847.5334994766
2017-11-27,"Sales.Event",28847.5334994766
2017-12-04,"Sales.Event",28847.5334994766
2017-12-11,"Sales.Event",28847.5334994766
2017-12-18,"Sales.Event",28847.5334994766
2017-12-25,"Sales.Event",0
2014-01-06,"NationalTV2",0
2014-01-13,"NationalTV2",15459.5813666837
2014-01-20,"NationalTV2",17391.0232654539
2014-01-27,"NationalTV2",18937.7860170276
2014-02-03,"NationalTV2",19019.7844488504
2014-02-10,"NationalTV2",16876.028906526
2014-02-17,"NationalTV2",17674.3127706754
2014-02-24,"NationalTV2",17473.4534752923
2014-03-03,"NationalTV2",19623.3779754526
2014-03-10,"NationalTV2",17248.1472512092
2014-03-17,"NationalTV2",18681.8566956867
2014-03-24,"NationalTV2",17059.8429897621
2014-03-31,"NationalTV2",19430.4362859901
2014-04-07,"NationalTV2",18772.9729271545
2014-04-14,"NationalTV2",17814.041682601
2014-04-21,"NationalTV2",17010.8000283719
2014-04-28,"NationalTV2",17461.6070973506
2014-05-05,"NationalTV2",16181.1235524793
2014-05-12,"NationalTV2",15401.642599734
2014-05-19,"NationalTV2",15245.7463981972
2014-05-26,"NationalTV2",15608.4718232993
2014-06-02,"NationalTV2",15287.1122484041
2014-06-09,"NationalTV2",15746.2245717022
2014-06-16,"NationalTV2",15314.6627953378
2014-06-23,"NationalTV2",14960.9592741493
2014-06-30,"NationalTV2",15024.4093536462
2014-07-07,"NationalTV2",16576.6296326504
2014-07-14,"NationalTV2",17010.0819503679
2014-07-21,"NationalTV2",16725.4880461922
2014-07-28,"NationalTV2",17039.8536330762
2014-08-04,"NationalTV2",15705.6237172618
2014-08-11,"NationalTV2",16086.2816578523
2014-08-18,"NationalTV2",15906.0584590857
2014-08-25,"NationalTV2",15740.5342409709
2014-09-01,"NationalTV2",16093.2637516063
2014-09-08,"NationalTV2",18105.5384175308
2014-09-15,"NationalTV2",19859.5146623304
2014-09-22,"NationalTV2",19990.3706232506
2014-09-29,"NationalTV2",20345.7087944472
2014-10-06,"NationalTV2",19301.3689960935
2014-10-13,"NationalTV2",17432.0215611399
2014-10-20,"NationalTV2",17424.9952416261
2014-10-27,"NationalTV2",15383.0257661539
2014-11-03,"NationalTV2",15374.2581466243
2014-11-10,"NationalTV2",14003.4412211721
2014-11-17,"NationalTV2",13441.6534674743
2014-11-24,"NationalTV2",13183.5251891652
2014-12-01,"NationalTV2",13565.2946302297
2014-12-08,"NationalTV2",11503.2720497979
2014-12-15,"NationalTV2",14729.601276759
2014-12-22,"NationalTV2",16269.3919059766
2014-12-29,"NationalTV2",16577.3500318201
2015-01-05,"NationalTV2",16763.4616982157
2015-01-12,"NationalTV2",16297.8492458022
2015-01-19,"NationalTV2",16707.5615327713
2015-01-26,"NationalTV2",17158.5443785431
2015-02-02,"NationalTV2",16503.7808924646
2015-02-09,"NationalTV2",16372.8281842611
2015-02-16,"NationalTV2",14485.8188213016
2015-02-23,"NationalTV2",15456.4863051732
2015-03-02,"NationalTV2",14854.1165273197
2015-03-09,"NationalTV2",15530.1458463769
2015-03-16,"NationalTV2",15923.4359687582
2015-03-23,"NationalTV2",17602.6245446426
2015-03-30,"NationalTV2",15418.5516185164
2015-04-06,"NationalTV2",17143.1574263673
2015-04-13,"NationalTV2",15055.199149055
2015-04-20,"NationalTV2",17310.1468219282
2015-04-27,"NationalTV2",16660.2002627641
2015-05-04,"NationalTV2",12447.8816116224
2015-05-11,"NationalTV2",13418.1659149958
2015-05-18,"NationalTV2",12733.155356375
2015-05-25,"NationalTV2",13332.047703941
2015-06-01,"NationalTV2",16483.4416028881
2015-06-08,"NationalTV2",16368.7603345866
2015-06-15,"NationalTV2",16345.8240726855
2015-06-22,"NationalTV2",14480.4180044803
2015-06-29,"NationalTV2",10106.2638108144
2015-07-06,"NationalTV2",12369.314049427
2015-07-13,"NationalTV2",12821.9240968748
2015-07-20,"NationalTV2",14053.627967841
2015-07-27,"NationalTV2",16258.717277179
2015-08-03,"NationalTV2",16449.9143565612
2015-08-10,"NationalTV2",16984.7389006439
2015-08-17,"NationalTV2",16214.3545823586
2015-08-24,"NationalTV2",16314.9429277338
2015-08-31,"NationalTV2",16586.4602361715
2015-09-07,"NationalTV2",16262.4489561403
2015-09-14,"NationalTV2",15941.2919132494
2015-09-21,"NationalTV2",16386.4292810283
2015-09-28,"NationalTV2",17576.3928455759
2015-10-05,"NationalTV2",17933.2159172592
2015-10-12,"NationalTV2",17646.090280622
2015-10-19,"NationalTV2",18065.3363915415
2015-10-26,"NationalTV2",17672.5143754785
2015-11-02,"NationalTV2",13279.451995245
2015-11-09,"NationalTV2",12089.7827970798
2015-11-16,"NationalTV2",11851.8489566227
2015-11-23,"NationalTV2",12268.3864897273
2015-11-30,"NationalTV2",12801.7385852095
2015-12-07,"NationalTV2",12908.4090040313
2015-12-14,"NationalTV2",12781.2017561951
2015-12-21,"NationalTV2",12605.7625237907
2015-12-28,"NationalTV2",11955.0449022396
2016-01-04,"NationalTV2",14556.4268674885
2016-01-11,"NationalTV2",15728.6921757275
2016-01-18,"NationalTV2",16469.210096758
2016-01-25,"NationalTV2",16238.9989337515
2016-02-01,"NationalTV2",16319.8717925185
2016-02-08,"NationalTV2",16336.0463752596
2016-02-15,"NationalTV2",16961.9652988897
2016-02-22,"NationalTV2",16337.549968684
2016-02-29,"NationalTV2",16465.6808948622
2016-03-07,"NationalTV2",15325.3536860296
2016-03-14,"NationalTV2",17364.177734817
2016-03-21,"NationalTV2",17411.4264763615
2016-03-28,"NationalTV2",19167.0132118178
2016-04-04,"NationalTV2",17771.9935607739
2016-04-11,"NationalTV2",17613.8458148188
2016-04-18,"NationalTV2",16467.9260663759
2016-04-25,"NationalTV2",18064.1660296029
2016-05-02,"NationalTV2",17792.4478098564
2016-05-09,"NationalTV2",15856.142547124
2016-05-16,"NationalTV2",13519.2897972383
2016-05-23,"NationalTV2",13632.4475526684
2016-05-30,"NationalTV2",13655.079103205
2016-06-06,"NationalTV2",13659.6054133123
2016-06-13,"NationalTV2",12476.870201713
2016-06-20,"NationalTV2",12240.3231602172
2016-06-27,"NationalTV2",12193.0137524674
2016-07-04,"NationalTV2",11872.4951482496
2016-07-11,"NationalTV2",11328.5132938874
2016-07-18,"NationalTV2",11219.7169221909
2016-07-25,"NationalTV2",12884.9086082274
2016-08-01,"NationalTV2",15900.453379687
2016-08-08,"NationalTV2",16378.2615798097
2016-08-15,"NationalTV2",17214.2432343723
2016-08-22,"NationalTV2",16766.3203029931
2016-08-29,"NationalTV2",16551.4349589771
2016-09-05,"NationalTV2",16882.0347509697
2016-09-12,"NationalTV2",18146.9877747624
2016-09-19,"NationalTV2",16318.1996879616
2016-09-26,"NationalTV2",15295.8574391556
2016-10-03,"NationalTV2",14957.1982029129
2016-10-10,"NationalTV2",15289.0926284822
2016-10-17,"NationalTV2",16629.5662876176
2016-10-24,"NationalTV2",16271.0701636826
2016-10-31,"NationalTV2",16199.3709498834
2016-11-07,"NationalTV2",13735.0686801531
2016-11-14,"NationalTV2",11033.0764640431
2016-11-21,"NationalTV2",10492.6780210959
2016-11-28,"NationalTV2",10384.598331957
2016-12-05,"NationalTV2",10533.2545005499
2016-12-12,"NationalTV2",10562.9857331697
2016-12-19,"NationalTV2",10568.9319799684
2016-12-26,"NationalTV2",12163.3085690948
2017-01-02,"NationalTV2",13921.9048661308
2017-01-09,"NationalTV2",16107.8526348387
2017-01-16,"NationalTV2",18108.4561914303
2017-01-23,"NationalTV2",18624.2791240882
2017-01-30,"NationalTV2",18842.5540841626
2017-02-06,"NationalTV2",17948.1254235153
2017-02-13,"NationalTV2",17888.7320823141
2017-02-20,"NationalTV2",14928.5619547807
2017-02-27,"NationalTV2",15414.6592572061
2017-03-06,"NationalTV2",14153.4546961879
2017-03-13,"NationalTV2",16890.1380364077
2017-03-20,"NationalTV2",15675.6805979281
2017-03-27,"NationalTV2",16333.3070152171
2017-04-03,"NationalTV2",15955.4635360526
2017-04-10,"NationalTV2",16008.4995066934
2017-04-17,"NationalTV2",16019.1066980746
2017-04-24,"NationalTV2",14132.4109259683
2017-05-01,"NationalTV2",13755.0717852817
2017-05-08,"NationalTV2",13679.6039489036
2017-05-15,"NationalTV2",12169.8131880862
2017-05-22,"NationalTV2",11867.8550350987
2017-05-29,"NationalTV2",11807.4634045012
2017-06-05,"NationalTV2",11795.385078931
2017-06-12,"NationalTV2",11792.9694143664
2017-06-19,"NationalTV2",11792.4862809041
2017-06-26,"NationalTV2",12103.4463757807
2017-07-03,"NationalTV2",11854.5816731869
2017-07-10,"NationalTV2",12866.1108308571
2017-07-17,"NationalTV2",15002.1690293998
2017-07-24,"NationalTV2",16695.1898297177
2017-07-31,"NationalTV2",14124.4546019059
2017-08-07,"NationalTV2",16641.92299237
2017-08-14,"NationalTV2",13226.4012968768
2017-08-21,"NationalTV2",12993.3415458154
2017-08-28,"NationalTV2",13669.191159953
2017-09-04,"NationalTV2",13519.2548643819
2017-09-11,"NationalTV2",14736.0684700445
2017-09-18,"NationalTV2",17246.3206861261
2017-09-25,"NationalTV2",17748.3711265954
2017-10-02,"NationalTV2",19346.1706521819
2017-10-09,"NationalTV2",19101.4613786282
2017-10-16,"NationalTV2",16249.2391337348
2017-10-23,"NationalTV2",13597.9091145604
2017-10-30,"NationalTV2",11343.9330376786
2017-11-06,"NationalTV2",12318.3087800874
2017-11-13,"NationalTV2",14361.688472198
2017-11-20,"NationalTV2",14770.3644067744
2017-11-27,"NationalTV2",15513.3954360025
2017-12-04,"NationalTV2",14865.4983562325
2017-12-11,"NationalTV2",17391.0370138966
2017-12-18,"NationalTV2",17295.2394720213
2017-12-25,"NationalTV2",16147.8500274134
2014-01-06,"PaidSearch1",15680.9798602748
2014-01-13,"PaidSearch1",15533.8354668215
2014-01-20,"PaidSearch1",16044.6367183808
2014-01-27,"PaidSearch1",20716.754726481
2014-02-03,"PaidSearch1",21899.1248381676
2014-02-10,"PaidSearch1",19090.273481231
2014-02-17,"PaidSearch1",18891.0109921603
2014-02-24,"PaidSearch1",18845.4166318011
2014-03-03,"PaidSearch1",19693.3496273007
2014-03-10,"PaidSearch1",20161.2686580421
2014-03-17,"PaidSearch1",19303.6971570554
2014-03-24,"PaidSearch1",17658.4077813896
2014-03-31,"PaidSearch1",16199.5351555404
2014-04-07,"PaidSearch1",23884.9011882968
2014-04-14,"PaidSearch1",16722.3316524942
2014-04-21,"PaidSearch1",17022.0068807056
2014-04-28,"PaidSearch1",18479.9089472951
2014-05-05,"PaidSearch1",21095.1853760386
2014-05-12,"PaidSearch1",17627.4961695487
2014-05-19,"PaidSearch1",16638.3924825794
2014-05-26,"PaidSearch1",19166.1855164507
2014-06-02,"PaidSearch1",17443.200830807
2014-06-09,"PaidSearch1",19733.1937365254
2014-06-16,"PaidSearch1",17189.8911514245
2014-06-23,"PaidSearch1",16573.6794087362
2014-06-30,"PaidSearch1",16304.6229479501
2014-07-07,"PaidSearch1",19555.3601233787
2014-07-14,"PaidSearch1",20867.7810868961
2014-07-21,"PaidSearch1",22799.6314788459
2014-07-28,"PaidSearch1",22285.6794882121
2014-08-04,"PaidSearch1",23385.7518819445
2014-08-11,"PaidSearch1",19920.0161851035
2014-08-18,"PaidSearch1",22415.6025936549
2014-08-25,"PaidSearch1",19748.4276148307
2014-09-01,"PaidSearch1",17645.3220301691
2014-09-08,"PaidSearch1",21122.7607113553
2014-09-15,"PaidSearch1",20482.3309056549
2014-09-22,"PaidSearch1",19077.0804824616
2014-09-29,"PaidSearch1",22456.0521559403
2014-10-06,"PaidSearch1",19688.253680742
2014-10-13,"PaidSearch1",18154.3197349958
2014-10-20,"PaidSearch1",17080.7148264137
2014-10-27,"PaidSearch1",21805.8138367266
2014-11-03,"PaidSearch1",19793.8644501195
2014-11-10,"PaidSearch1",21686.9540600258
2014-11-17,"PaidSearch1",17556.3393086202
2014-11-24,"PaidSearch1",18108.8946858642
2014-12-01,"PaidSearch1",15966.075115043
2014-12-08,"PaidSearch1",16584.4025215692
2014-12-15,"PaidSearch1",21948.8879007639
2014-12-22,"PaidSearch1",14936.0920653614
2014-12-29,"PaidSearch1",14845.8885474738
2015-01-05,"PaidSearch1",15919.6444182569
2015-01-12,"PaidSearch1",18157.9107804898
2015-01-19,"PaidSearch1",16418.2727354077
2015-01-26,"PaidSearch1",20493.6939495695
2015-02-02,"PaidSearch1",19443.5498514993
2015-02-09,"PaidSearch1",18277.3923823148
2015-02-16,"PaidSearch1",21939.4337659939
2015-02-23,"PaidSearch1",19867.9937561364
2015-03-02,"PaidSearch1",19588.901258228
2015-03-09,"PaidSearch1",19575.8192340691
2015-03-16,"PaidSearch1",19234.2627117496
2015-03-23,"PaidSearch1",20661.147631237
2015-03-30,"PaidSearch1",18465.4128327387
2015-04-06,"PaidSearch1",18585.9904445575
2015-04-13,"PaidSearch1",19920.1017886874
2015-04-20,"PaidSearch1",20829.9246790597
2015-04-27,"PaidSearch1",17944.1352484407
2015-05-04,"PaidSearch1",19468.2208335234
2015-05-11,"PaidSearch1",19182.4727866102
2015-05-18,"PaidSearch1",20656.8436852763
2015-05-25,"PaidSearch1",21988.173804186
2015-06-01,"PaidSearch1",19209.337355068
2015-06-08,"PaidSearch1",19680.350030621
2015-06-15,"PaidSearch1",23609.1697869824
2015-06-22,"PaidSearch1",20146.4389066507
2015-06-29,"PaidSearch1",20333.3138851918
2015-07-06,"PaidSearch1",16448.2122053381
2015-07-13,"PaidSearch1",19335.8864434364
2015-07-20,"PaidSearch1",19619.7924846621
2015-07-27,"PaidSearch1",19224.4161822076
2015-08-03,"PaidSearch1",15836.5025802587
2015-08-10,"PaidSearch1",21264.4316447168
2015-08-17,"PaidSearch1",19962.3290405401
2015-08-24,"PaidSearch1",19705.6255474442
2015-08-31,"PaidSearch1",19038.835779621
2015-09-07,"PaidSearch1",17236.4966095906
2015-09-14,"PaidSearch1",17596.0222359329
2015-09-21,"PaidSearch1",17056.0951644079
2015-09-28,"PaidSearch1",18793.8144209313
2015-10-05,"PaidSearch1",19213.6210236527
2015-10-12,"PaidSearch1",19415.8815394986
2015-10-19,"PaidSearch1",18326.0103889468
2015-10-26,"PaidSearch1",19860.7546789161
2015-11-02,"PaidSearch1",19106.6571904608
2015-11-09,"PaidSearch1",18421.1436588532
2015-11-16,"PaidSearch1",18466.3000948715
2015-11-23,"PaidSearch1",19881.7354323943
2015-11-30,"PaidSearch1",17983.296084638
2015-12-07,"PaidSearch1",21627.7235262608
2015-12-14,"PaidSearch1",17219.307341901
2015-12-21,"PaidSearch1",17492.2628439123
2015-12-28,"PaidSearch1",15104.6169099451
2016-01-04,"PaidSearch1",17311.3719113012
2016-01-11,"PaidSearch1",17710.0227074813
2016-01-18,"PaidSearch1",18622.1174417786
2016-01-25,"PaidSearch1",17942.2140615988
2016-02-01,"PaidSearch1",19945.5139266265
2016-02-08,"PaidSearch1",20837.8620293801
2016-02-15,"PaidSearch1",19314.2352239788
2016-02-22,"PaidSearch1",23531.1879253815
2016-02-29,"PaidSearch1",24643.7345783535
2016-03-07,"PaidSearch1",17145.9012262819
2016-03-14,"PaidSearch1",17305.9746615176
2016-03-21,"PaidSearch1",20493.9869398265
2016-03-28,"PaidSearch1",22974.4028895373
2016-04-04,"PaidSearch1",18584.2459150357
2016-04-11,"PaidSearch1",17363.9570779618
2016-04-18,"PaidSearch1",21779.0099599566
2016-04-25,"PaidSearch1",17553.6831236172
2016-05-02,"PaidSearch1",19622.8531908913
2016-05-09,"PaidSearch1",18188.6639327942
2016-05-16,"PaidSearch1",14394.0533811526
2016-05-23,"PaidSearch1",14027.4749982627
2016-05-30,"PaidSearch1",21267.3378453357
2016-06-06,"PaidSearch1",18759.5241628975
2016-06-13,"PaidSearch1",15356.6209294159
2016-06-20,"PaidSearch1",18642.9236229307
2016-06-27,"PaidSearch1",18118.2836402678
2016-07-04,"PaidSearch1",17006.9128212271
2016-07-11,"PaidSearch1",16315.6666961147
2016-07-18,"PaidSearch1",20829.904234236
2016-07-25,"PaidSearch1",18415.9792045804
2016-08-01,"PaidSearch1",19486.0910785865
2016-08-08,"PaidSearch1",23432.7697799923
2016-08-15,"PaidSearch1",16893.7418153485
2016-08-22,"PaidSearch1",16997.4372207427
2016-08-29,"PaidSearch1",18237.8343277716
2016-09-05,"PaidSearch1",14926.4306681536
2016-09-12,"PaidSearch1",24118.1110349276
2016-09-19,"PaidSearch1",19374.883964114
2016-09-26,"PaidSearch1",20313.1824318331
2016-10-03,"PaidSearch1",19517.6219444192
2016-10-10,"PaidSearch1",19207.4904123742
2016-10-17,"PaidSearch1",16366.4996522656
2016-10-24,"PaidSearch1",16968.9226983025
2016-10-31,"PaidSearch1",18021.665309148
2016-11-07,"PaidSearch1",18090.5278017355
2016-11-14,"PaidSearch1",20156.4049452343
2016-11-21,"PaidSearch1",22649.9338861247
2016-11-28,"PaidSearch1",19909.6323861227
2016-12-05,"PaidSearch1",18690.4518151336
2016-12-12,"PaidSearch1",19106.5432071931
2016-12-19,"PaidSearch1",21494.2566279837
2016-12-26,"PaidSearch1",17943.0438081486
2017-01-02,"PaidSearch1",21185.4444649553
2017-01-09,"PaidSearch1",18278.322089738
2017-01-16,"PaidSearch1",21513.9125028759
2017-01-23,"PaidSearch1",17388.0405454348
2017-01-30,"PaidSearch1",23707.0614173961
2017-02-06,"PaidSearch1",17025.8852070303
2017-02-13,"PaidSearch1",24376.232810015
2017-02-20,"PaidSearch1",20258.7791612934
2017-02-27,"PaidSearch1",19146.6540984095
2017-03-06,"PaidSearch1",19949.5277613502
2017-03-13,"PaidSearch1",20012.8002826582
2017-03-20,"PaidSearch1",21146.3854315561
2017-03-27,"PaidSearch1",17076.7168290012
2017-04-03,"PaidSearch1",15743.2672597751
2017-04-10,"PaidSearch1",15404.7718704062
2017-04-17,"PaidSearch1",22292.464701151
2017-04-24,"PaidSearch1",20301.7359395486
2017-05-01,"PaidSearch1",21667.1052907885
2017-05-08,"PaidSearch1",16324.2782502792
2017-05-15,"PaidSearch1",19010.3226453762
2017-05-22,"PaidSearch1",15535.4663749788
2017-05-29,"PaidSearch1",20889.1697051528
2017-06-05,"PaidSearch1",18185.6910663858
2017-06-12,"PaidSearch1",16522.8481594715
2017-06-19,"PaidSearch1",19592.009870703
2017-06-26,"PaidSearch1",17812.5655487725
2017-07-03,"PaidSearch1",24524.4672609666
2017-07-10,"PaidSearch1",19178.0409430184
2017-07-17,"PaidSearch1",16811.3368552468
2017-07-24,"PaidSearch1",18899.8181522424
2017-07-31,"PaidSearch1",20532.4200321291
2017-08-07,"PaidSearch1",19006.30041126
2017-08-14,"PaidSearch1",16651.7728391169
2017-08-21,"PaidSearch1",18453.726431117
2017-08-28,"PaidSearch1",17511.7683507728
2017-09-04,"PaidSearch1",18458.5894687325
2017-09-11,"PaidSearch1",18914.1807839768
2017-09-18,"PaidSearch1",18793.0916464521
2017-09-25,"PaidSearch1",17371.9103682226
2017-10-02,"PaidSearch1",18781.3517912044
2017-10-09,"PaidSearch1",15120.6930663697
2017-10-16,"PaidSearch1",19843.0872184153
2017-10-23,"PaidSearch1",22990.0605185462
2017-10-30,"PaidSearch1",17215.7276180319
2017-11-06,"PaidSearch1",19918.513682322
2017-11-13,"PaidSearch1",19485.8846695918
2017-11-20,"PaidSearch1",20856.0207706201
2017-11-27,"PaidSearch1",16830.3278493505
2017-12-04,"PaidSearch1",14846.7390089242
2017-12-11,"PaidSearch1",14594.0298455961
2017-12-18,"PaidSearch1",20553.4638485705
2017-12-25,"PaidSearch1",17185.7744227919
2014-01-06,"Wechat2",0
2014-01-13,"Wechat2",2037.01901149039
2014-01-20,"Wechat2",2290.40430316359
2014-01-27,"Wechat2",2749.34333145081
2014-02-03,"Wechat2",2564.88696912208
2014-02-10,"Wechat2",3007.14186320411
2014-02-17,"Wechat2",2590.66682229741
2014-02-24,"Wechat2",3009.71984852164
2014-03-03,"Wechat2",2767.07482364681
2014-03-10,"Wechat2",2458.25999336097
2014-03-17,"Wechat2",2427.37851063349
2014-03-24,"Wechat2",3192.12457940169
2014-03-31,"Wechat2",3571.21620123909
2014-04-07,"Wechat2",3916.25905029943
2014-04-14,"Wechat2",2731.26193168166
2014-04-21,"Wechat2",2915.37923447935
2014-04-28,"Wechat2",3286.09137059515
2014-05-05,"Wechat2",3670.94631792601
2014-05-12,"Wechat2",3361.64807878926
2014-05-19,"Wechat2",3678.50198879561
2014-05-26,"Wechat2",3362.40364572567
2014-06-02,"Wechat2",2987.52674971579
2014-06-09,"Wechat2",4101.7903860526
2014-06-16,"Wechat2",11033.3912646341
2014-06-23,"Wechat2",5940.69469577356
2014-06-30,"Wechat2",4627.45744576565
2014-07-07,"Wechat2",3114.03212982015
2014-07-14,"Wechat2",3305.95666002886
2014-07-21,"Wechat2",3325.14911289918
2014-07-28,"Wechat2",5978.35474593906
2014-08-04,"Wechat2",8199.39422579346
2014-08-11,"Wechat2",5801.82849009058
2014-08-18,"Wechat2",3222.43589052098
2014-08-25,"Wechat2",2661.87961580418
2014-09-01,"Wechat2",2605.82398818195
2014-09-08,"Wechat2",3209.96912740746
2014-09-15,"Wechat2",3573.00065598948
2014-09-22,"Wechat2",3916.43749597521
2014-09-29,"Wechat2",3042.93013479093
2014-10-06,"Wechat2",3298.84646047576
2014-10-13,"Wechat2",3324.43809289368
2014-10-20,"Wechat2",3476.04742780831
2014-10-27,"Wechat2",3599.60848638087
2014-11-03,"Wechat2",3679.71467002486
2014-11-10,"Wechat2",6546.77857775485
2014-11-17,"Wechat2",7321.28553023848
2014-11-24,"Wechat2",9512.53865819453
2014-12-01,"Wechat2",24148.8805707418
2014-12-08,"Wechat2",12170.8992857665
2014-12-15,"Wechat2",9347.09928607118
2014-12-22,"Wechat2",9064.71928961461
2014-12-29,"Wechat2",9036.48128796155
2015-01-05,"Wechat2",4033.70173181797
2015-01-12,"Wechat2",3122.40663616195
2015-01-19,"Wechat2",3144.19392354326
2015-01-26,"Wechat2",3647.72322923823
2015-02-02,"Wechat2",3535.47597298906
2015-02-09,"Wechat2",4052.70185526505
2015-02-16,"Wechat2",3575.97383554156
2015-02-23,"Wechat2",4056.75164177122
2015-03-02,"Wechat2",4768.7801864708
2015-03-09,"Wechat2",5503.93380607127
2015-03-16,"Wechat2",4628.94807545374
2015-03-23,"Wechat2",4428.53270549525
2015-03-30,"Wechat2",4711.10818401202
2015-04-06,"Wechat2",5046.49941668271
2015-04-13,"Wechat2",3860.53713798171
2015-04-20,"Wechat2",4044.557925022
2015-04-27,"Wechat2",4550.76056548685
2015-05-04,"Wechat2",4949.16456285113
2015-05-11,"Wechat2",4641.22122891847
2015-05-18,"Wechat2",4958.21062954559
2015-05-25,"Wechat2",4642.1258359894
2015-06-01,"Wechat2",4267.25029447922
2015-06-08,"Wechat2",4229.76274052895
2015-06-15,"Wechat2",8878.18600598772
2015-06-22,"Wechat2",5725.17416990893
2015-06-29,"Wechat2",5757.65671896643
2015-07-06,"Wechat2",4378.80338292748
2015-07-13,"Wechat2",4584.18511112685
2015-07-20,"Wechat2",5250.60736161396
2015-07-27,"Wechat2",6992.93484753147
2015-08-03,"Wechat2",9737.15388928739
2015-08-10,"Wechat2",7965.52343573166
2015-08-17,"Wechat2",6329.47538172706
2015-08-24,"Wechat2",5894.87025935813
2015-08-31,"Wechat2",3945.37422224925
2015-09-07,"Wechat2",4360.17532032536
2015-09-14,"Wechat2",4704.27244504337
2015-09-21,"Wechat2",6062.06701330071
2015-09-28,"Wechat2",6712.74706293171
2015-10-05,"Wechat2",5969.33080692193
2015-10-12,"Wechat2",4743.23785352629
2015-10-19,"Wechat2",4701.92865167134
2015-10-26,"Wechat2",4738.44777847908
2015-11-02,"Wechat2",4742.09969085874
2015-11-09,"Wechat2",8279.01895530177
2015-11-16,"Wechat2",9120.51143868911
2015-11-23,"Wechat2",11318.4631222448
2015-11-30,"Wechat2",26497.4755112408
2015-12-07,"Wechat2",14031.7606520179
2015-12-14,"Wechat2",11646.9878574114
2015-12-21,"Wechat2",11896.3111404644
2015-12-28,"Wechat2",12409.0440267666
2016-01-04,"Wechat2",5319.45909601772
2016-01-11,"Wechat2",3942.0331683052
2016-01-18,"Wechat2",3971.40743461993
2016-01-25,"Wechat2",4543.44551629609
2016-02-01,"Wechat2",4505.7992153816
2016-02-08,"Wechat2",5098.23527323613
2016-02-15,"Wechat2",4561.27819097523
2016-02-22,"Wechat2",5103.78316652975
2016-02-29,"Wechat2",4873.48333904703
2016-03-07,"Wechat2",4565.90302860076
2016-03-14,"Wechat2",4535.14499755613
2016-03-21,"Wechat2",5435.40356837092
2016-03-28,"Wechat2",6844.29761017507
2016-04-04,"Wechat2",8308.57187054252
2016-04-11,"Wechat2",6634.78053414697
2016-04-18,"Wechat2",5984.11751236891
2016-04-25,"Wechat2",6302.96831928871
2016-05-02,"Wechat2",6759.42055336152
2016-05-09,"Wechat2",6705.69899722605
2016-05-16,"Wechat2",7413.96099741771
2016-05-23,"Wechat2",7435.10380440346
2016-05-30,"Wechat2",7039.75095940323
2016-06-06,"Wechat2",6083.33128864851
2016-06-13,"Wechat2",11231.5453578044
2016-06-20,"Wechat2",7112.26142887043
2016-06-27,"Wechat2",7048.11676914428
2016-07-04,"Wechat2",5659.60071624178
2016-07-11,"Wechat2",5864.01617124923
2016-07-18,"Wechat2",5884.45771474257
2016-07-25,"Wechat2",9779.87301844309
2016-08-01,"Wechat2",10119.7311572853
2016-08-08,"Wechat2",8374.14825502785
2016-08-15,"Wechat2",6677.47154952957
2016-08-22,"Wechat2",6132.92011010084
2016-08-29,"Wechat2",5035.11377016922
2016-09-05,"Wechat2",5485.40044603371
2016-09-12,"Wechat2",5833.04612511796
2016-09-19,"Wechat2",7191.19555423194
2016-09-26,"Wechat2",8343.26166695561
2016-10-03,"Wechat2",8115.20121391546
2016-10-10,"Wechat2",7008.39391980798
2016-10-17,"Wechat2",6834.47978578113
2016-10-24,"Wechat2",6821.60504273872
2016-10-31,"Wechat2",6833.86758603939
2016-11-07,"Wechat2",10737.4983294375
2016-11-14,"Wechat2",10992.3612503116
2016-11-21,"Wechat2",13131.6499781178
2016-11-28,"Wechat2",28846.7966924276
2016-12-05,"Wechat2",17518.696513034
2016-12-12,"Wechat2",15247.685187916
2016-12-19,"Wechat2",13882.3827457163
2016-12-26,"Wechat2",14233.6530589914
2017-01-02,"Wechat2",6450.42109457796
2017-01-09,"Wechat2",6060.53167608893
2017-01-16,"Wechat2",6134.4595323914
2017-01-23,"Wechat2",6656.75290821727
2017-01-30,"Wechat2",6672.84887137505
2017-02-06,"Wechat2",7284.2091695782
2017-02-13,"Wechat2",6600.09434103432
2017-02-20,"Wechat2",7236.28367276275
2017-02-27,"Wechat2",6974.70222758084
2017-03-06,"Wechat2",6632.37705245438
2017-03-13,"Wechat2",6345.21091446995
2017-03-20,"Wechat2",8376.09666697438
2017-03-27,"Wechat2",9889.02008532362
2017-04-03,"Wechat2",10392.6128336972
2017-04-10,"Wechat2",8437.56980060681
2017-04-17,"Wechat2",8409.18235733728
2017-04-24,"Wechat2",9174.17782618701
2017-05-01,"Wechat2",9634.59448367514
2017-05-08,"Wechat2",9540.61932409241
2017-05-15,"Wechat2",9454.43838440758
2017-05-22,"Wechat2",9310.32013245672
2017-05-29,"Wechat2",11477.4608219716
2017-06-05,"Wechat2",7254.28644430065
2017-06-12,"Wechat2",13516.643369471
2017-06-19,"Wechat2",8492.52255632619
2017-06-26,"Wechat2",8337.89420968451
2017-07-03,"Wechat2",6940.32978257009
2017-07-10,"Wechat2",7143.84040266561
2017-07-17,"Wechat2",7164.19146718442
2017-07-24,"Wechat2",8665.76162857597
2017-07-31,"Wechat2",10198.0202366635
2017-08-07,"Wechat2",8034.19342929659
2017-08-14,"Wechat2",6494.42589438027
2017-08-21,"Wechat2",6037.83212286676
2017-08-28,"Wechat2",5992.17275073393
2017-09-04,"Wechat2",6597.35751390246
2017-09-11,"Wechat2",6960.49300372452
2017-09-18,"Wechat2",7303.94024058704
2017-09-25,"Wechat2",6836.93438616219
2017-10-02,"Wechat2",7133.50086252296
2017-10-09,"Wechat2",7163.15751066089
2017-10-16,"Wechat2",7111.92311509211
2017-10-23,"Wechat2",7011.94956434534
2017-10-30,"Wechat2",6866.45205128828
2017-11-06,"Wechat2",11743.4579311809
2017-11-13,"Wechat2",12718.9590801782
2017-11-20,"Wechat2",16556.3135004889
2017-11-27,"Wechat2",29189.2630436611
2017-12-04,"Wechat2",20804.9468920585
2017-12-11,"Wechat2",15576.3102233092
2017-12-18,"Wechat2",15541.2471189479
2017-12-25,"Wechat2",17651.5432397139
2014-01-06,"Magazine1",0
2014-01-13,"Magazine1",6167.33080818071
2014-01-20,"Magazine1",8017.53005202306
2014-01-27,"Magazine1",8572.58982361411
2014-02-03,"Magazine1",9901.04298590383
2014-02-10,"Magazine1",10299.5789361524
2014-02-17,"Magazine1",10419.1397191448
2014-02-24,"Magazine1",10455.007954563
2014-03-03,"Magazine1",9303.83319472314
2014-03-10,"Magazine1",8958.48076833283
2014-03-17,"Magazine1",8854.87503868056
2014-03-24,"Magazine1",8823.79332065246
2014-03-31,"Magazine1",8814.46880524404
2014-04-07,"Magazine1",2644.34064105266
2014-04-14,"Magazine1",793.302193183387
2014-04-21,"Magazine1",237.990657434462
2014-04-28,"Magazine1",71.3971980979285
2014-05-05,"Magazine1",7128.55553891454
2014-05-12,"Magazine1",9245.70304150656
2014-05-19,"Magazine1",9880.84729228417
2014-05-26,"Magazine1",10071.3905671704
2014-06-02,"Magazine1",8938.65888273257
2014-06-09,"Magazine1",8598.83937861584
2014-06-16,"Magazine1",8496.89352703379
2014-06-23,"Magazine1",8466.3097708651
2014-06-30,"Magazine1",8457.13464401449
2014-07-07,"Magazine1",8454.38210595931
2014-07-14,"Magazine1",8453.55634436924
2014-07-21,"Magazine1",8453.30861623925
2014-07-28,"Magazine1",8453.23429849433
2014-08-04,"Magazine1",9184.28916489041
2014-08-11,"Magazine1",9403.60562619738
2014-08-18,"Magazine1",9469.40056424244
2014-08-25,"Magazine1",9489.13904496188
2014-09-01,"Magazine1",9495.06059021882
2014-09-08,"Magazine1",2848.51817689213
2014-09-15,"Magazine1",854.555452894121
2014-09-22,"Magazine1",256.366635174164
2014-09-29,"Magazine1",76.9099905522493
2014-10-06,"Magazine1",23.0729980332646
2014-10-13,"Magazine1",6.92189888942549
2014-10-20,"Magazine1",2.07656931979171
2014-10-27,"Magazine1",0.622971142973447
2014-11-03,"Magazine1",7329.45293103008
2014-11-10,"Magazine1",9528.10191778159
2014-11-17,"Magazine1",10187.6966146746
2014-11-24,"Magazine1",10385.575023222
2014-12-01,"Magazine1",10444.9385456127
2014-12-08,"Magazine1",9781.80044006703
2014-12-15,"Magazine1",9582.85900840333
2014-12-22,"Magazine1",9523.17657907774
2014-12-29,"Magazine1",9505.27185010654
2015-01-05,"Magazine1",9958.71793555823
2015-01-12,"Magazine1",10094.7517611937
2015-01-19,"Magazine1",10135.5619080168
2015-01-26,"Magazine1",10147.8049522372
2015-02-02,"Magazine1",9455.17469898899
2015-02-09,"Magazine1",9247.38562440266
2015-02-16,"Magazine1",9185.04890115917
2015-02-23,"Magazine1",9166.34788435964
2015-03-02,"Magazine1",2749.90436478734
2015-03-09,"Magazine1",824.971309436201
2015-03-16,"Magazine1",247.491392483824
2015-03-23,"Magazine1",74.2474180921833
2015-03-30,"Magazine1",22.274225427655
2015-04-06,"Magazine1",6.6822671077426
2015-04-13,"Magazine1",2.00468082639464
2015-04-20,"Magazine1",0.601404594954325
2015-04-27,"Magazine1",0.180420510896467
2015-05-04,"Magazine1",6648.37300184242
2015-05-11,"Magazine1",8642.83077606836
2015-05-18,"Magazine1",9241.16810955076
2015-05-25,"Magazine1",9420.66930838086
2015-06-01,"Magazine1",9474.51966872396
2015-06-08,"Magazine1",8759.59761441326
2015-06-15,"Magazine1",8545.12099777301
2015-06-22,"Magazine1",8480.77801295446
2015-06-29,"Magazine1",8461.47511612075
2015-07-06,"Magazine1",9645.57891484194
2015-07-13,"Magazine1",10000.8100539377
2015-07-20,"Magazine1",10107.37939584
2015-07-27,"Magazine1",10139.3501991048
2015-08-03,"Magazine1",9922.08314461515
2015-08-10,"Magazine1",9856.90302757419
2015-08-17,"Magazine1",9837.34899298246
2015-08-24,"Magazine1",9831.48278260494
2015-08-31,"Magazine1",9829.72292001224
2015-09-07,"Magazine1",9359.75008984204
2015-09-14,"Magazine1",9218.75823992339
2015-09-21,"Magazine1",9176.46068668298
2015-09-28,"Magazine1",9163.7714201903
2015-10-05,"Magazine1",2749.13142553654
2015-10-12,"Magazine1",824.739426966889
2015-10-19,"Magazine1",247.421829131174
2015-10-26,"Magazine1",74.2265490863883
2015-11-02,"Magazine1",6670.58684128266
2015-11-09,"Magazine1",8649.49492790043
2015-11-16,"Magazine1",9243.16735405928
2015-11-23,"Magazine1",9421.26908190693
2015-11-30,"Magazine1",9474.69960164937
2015-12-07,"Magazine1",10171.6759194879
2015-12-14,"Magazine1",10380.768815013
2015-12-21,"Magazine1",10443.4966841911
2015-12-28,"Magazine1",10462.3150442504
2016-01-04,"Magazine1",9306.02532180288
2016-01-11,"Magazine1",8959.13840489509
2016-01-18,"Magazine1",8855.07233034331
2016-01-25,"Magazine1",8823.85250763074
2016-02-01,"Magazine1",8814.48656133752
2016-02-08,"Magazine1",9751.48234858049
2016-02-15,"Magazine1",10032.5810842328
2016-02-22,"Magazine1",10116.910704755
2016-02-29,"Magazine1",10142.2095912587
2016-03-07,"Magazine1",8959.90459082665
2016-03-14,"Magazine1",8605.21309087055
2016-03-21,"Magazine1",8498.80563949557
2016-03-28,"Magazine1",8466.88340564474
2016-04-04,"Magazine1",2540.06502099935
2016-04-11,"Magazine1",762.019506646841
2016-04-18,"Magazine1",228.605851473498
2016-04-25,"Magazine1",68.5817563096394
2016-05-02,"Magazine1",6668.8934031026
2016-05-09,"Magazine1",8648.98689679345
2016-05-16,"Magazine1",9243.01494455367
2016-05-23,"Magazine1",9421.22335992284
2016-05-30,"Magazine1",9474.68588331897
2016-06-06,"Magazine1",9009.73657352343
2016-06-13,"Magazine1",8870.25178093181
2016-06-20,"Magazine1",8828.40634263377
2016-06-27,"Magazine1",8815.85271166491
2016-07-04,"Magazine1",9525.03389803616
2016-07-11,"Magazine1",9737.78825342698
2016-07-18,"Magazine1",9801.6145607383
2016-07-25,"Magazine1",9820.76245223762
2016-08-01,"Magazine1",10275.4947760525
2016-08-08,"Magazine1",10411.9144726765
2016-08-15,"Magazine1",10452.8403802755
2016-08-22,"Magazine1",10465.1181541169
2016-08-29,"Magazine1",10468.8014859223
2016-09-05,"Magazine1",3140.64044647075
2016-09-12,"Magazine1",942.192133247152
2016-09-19,"Magazine1",282.657640147664
2016-09-26,"Magazine1",84.7972913502272
2016-10-03,"Magazine1",25.4391879256221
2016-10-10,"Magazine1",7.63175568361476
2016-10-17,"Magazine1",2.28952618453053
2016-10-24,"Magazine1",0.68685872294899
2016-10-31,"Magazine1",0.206057790402663
2016-11-07,"Magazine1",7329.32785580969
2016-11-14,"Magazine1",9528.06439625658
2016-11-21,"Magazine1",10187.6853585642
2016-11-28,"Magazine1",10385.5716465624
2016-12-05,"Magazine1",9763.99037035193
2016-12-12,"Magazine1",9577.51598766232
2016-12-19,"Magazine1",9521.57367216136
2016-12-26,"Magazine1",9504.79097803163
2017-01-02,"Magazine1",9262.27050742138
2017-01-09,"Magazine1",9189.51436519719
2017-01-16,"Magazine1",9167.68752287697
2017-01-23,"Magazine1",9161.13947018091
2017-01-30,"Magazine1",9159.17505419857
2017-02-06,"Magazine1",9158.58572992442
2017-02-13,"Magazine1",9158.40893246866
2017-02-20,"Magazine1",9158.35589323193
2017-02-27,"Magazine1",9158.33998163443
2017-03-06,"Magazine1",8664.74370759233
2017-03-13,"Magazine1",8516.66482520618
2017-03-20,"Magazine1",8472.24115979626
2017-03-27,"Magazine1",8458.91406034681
2017-04-03,"Magazine1",2537.67421758349
2017-04-10,"Magazine1",761.30226492801
2017-04-17,"Magazine1",228.390678784331
2017-04-24,"Magazine1",68.5172041558533
2017-05-01,"Magazine1",20.5551603791662
2017-05-08,"Magazine1",6.16654915485764
2017-05-15,"Magazine1",1.84996526701119
2017-05-22,"Magazine1",0.55498853899556
2017-05-29,"Magazine1",0.166577247552952
2017-06-05,"Magazine1",0.0499731742658855
2017-06-12,"Magazine1",0.0149919522797656
2017-06-19,"Magazine1",0.00449411532460567
2017-06-26,"Magazine1",0.0013482345973817
2017-07-03,"Magazine1",6880.27849004817
2017-07-10,"Magazine1",8944.36163224521
2017-07-17,"Magazine1",9563.58657438377
2017-07-24,"Magazine1",9749.35405702533
2017-07-31,"Magazine1",9805.08430233836
2017-08-07,"Magazine1",10048.6616708807
2017-08-14,"Magazine1",10121.7348807494
2017-08-21,"Magazine1",10143.6568438835
2017-08-28,"Magazine1",10150.2334333443
2017-09-04,"Magazine1",9925.34811419294
2017-09-11,"Magazine1",9857.8825191416
2017-09-18,"Magazine1",9837.64284045268
2017-09-25,"Magazine1",9831.57093667249
2017-10-02,"Magazine1",2949.47128186934
2017-10-09,"Magazine1",884.841384560801
2017-10-16,"Magazine1",265.452415888794
2017-10-23,"Magazine1",79.6357252871922
2017-10-30,"Magazine1",23.8907170656038
2017-11-06,"Magazine1",6887.44529913581
2017-11-13,"Magazine1",8946.51167427743
2017-11-20,"Magazine1",9564.23158751399
2017-11-27,"Magazine1",9749.54756079088
2017-12-04,"Magazine1",10254.1303070569
2017-12-11,"Magazine1",10405.5051319778
2017-12-18,"Magazine1",10450.917579107
2017-12-25,"Magazine1",10464.5413127252
2014-01-06,"Display2",10052.9972725912
2014-01-13,"Display2",10177.9067650404
2014-01-20,"Display2",11268.4069009975
2014-01-27,"Display2",10955.1445769837
2014-02-03,"Display2",11249.1327636791
2014-02-10,"Display2",8720.56689838724
2014-02-17,"Display2",10857.0774770435
2014-02-24,"Display2",11035.9043162629
2014-03-03,"Display2",10707.671206085
2014-03-10,"Display2",11577.1242726018
2014-03-17,"Display2",9897.13844022021
2014-03-24,"Display2",10550.6870925846
2014-03-31,"Display2",11726.1418449423
2014-04-07,"Display2",10877.1391467978
2014-04-14,"Display2",10760.9837279445
2014-04-21,"Display2",13258.2090893775
2014-04-28,"Display2",9984.69999442708
2014-05-05,"Display2",11583.2566164778
2014-05-12,"Display2",9735.92767437666
2014-05-19,"Display2",10954.3386916179
2014-05-26,"Display2",11527.0268005513
2014-06-02,"Display2",10556.7394505576
2014-06-09,"Display2",11218.5266509371
2014-06-16,"Display2",10707.6213518577
2014-06-23,"Display2",11260.8397415043
2014-06-30,"Display2",9398.5013899091
2014-07-07,"Display2",11489.6742055955
2014-07-14,"Display2",11074.4295812564
2014-07-21,"Display2",10535.1081944178
2014-07-28,"Display2",11203.9596292289
2014-08-04,"Display2",10947.1742008832
2014-08-11,"Display2",11108.4649526299
2014-08-18,"Display2",11330.805218811
2014-08-25,"Display2",9384.96377581627
2014-09-01,"Display2",11180.2969502909
2014-09-08,"Display2",10424.9095339478
2014-09-15,"Display2",9726.85694426052
2014-09-22,"Display2",10974.6263489409
2014-09-29,"Display2",11142.1286086936
2014-10-06,"Display2",11510.1911375789
2014-10-13,"Display2",11004.3307028031
2014-10-20,"Display2",8090.79022076673
2014-10-27,"Display2",9844.4162252823
2014-11-03,"Display2",10543.0377557937
2014-11-10,"Display2",12788.3088922108
2014-11-17,"Display2",9393.00208514943
2014-11-24,"Display2",11559.3780851713
2014-12-01,"Display2",13092.5476010925
2014-12-08,"Display2",9270.82553569624
2014-12-15,"Display2",12539.9606070164
2014-12-22,"Display2",10737.514165656
2014-12-29,"Display2",10858.4506596874
2015-01-05,"Display2",9504.18879066169
2015-01-12,"Display2",10478.2163033964
2015-01-19,"Display2",10847.220584113
2015-01-26,"Display2",11782.7641944274
2015-02-02,"Display2",10821.4722453603
2015-02-09,"Display2",11755.9598773997
2015-02-16,"Display2",10749.1786852107
2015-02-23,"Display2",9977.93296788878
2015-03-02,"Display2",12635.5484178861
2015-03-09,"Display2",11169.4221545667
2015-03-16,"Display2",10507.4637514837
2015-03-23,"Display2",9845.78365551542
2015-03-30,"Display2",10812.4987583797
2015-04-06,"Display2",11053.4245161248
2015-04-13,"Display2",11320.6905630902
2015-04-20,"Display2",10979.2017069505
2015-04-27,"Display2",10047.6998500595
2015-05-04,"Display2",9524.94294111104
2015-05-11,"Display2",11038.7692907838
2015-05-18,"Display2",9752.89153393342
2015-05-25,"Display2",12307.9995706734
2015-06-01,"Display2",10190.1276249003
2015-06-08,"Display2",9981.47453549377
2015-06-15,"Display2",10013.9274460386
2015-06-22,"Display2",11969.8898450136
2015-06-29,"Display2",10458.6479713524
2015-07-06,"Display2",10677.4195514203
2015-07-13,"Display2",8604.24520746828
2015-07-20,"Display2",11527.1533535897
2015-07-27,"Display2",11353.1075895483
2015-08-03,"Display2",11714.3195449761
2015-08-10,"Display2",12118.9778159058
2015-08-17,"Display2",10852.6155237046
2015-08-24,"Display2",12323.3431678445
2015-08-31,"Display2",10064.448952945
2015-09-07,"Display2",10633.8496960475
2015-09-14,"Display2",11747.2131997607
2015-09-21,"Display2",10613.7269411686
2015-09-28,"Display2",10525.3485446229
2015-10-05,"Display2",9598.98879517112
2015-10-12,"Display2",10567.9958228672
2015-10-19,"Display2",11732.6680919985
2015-10-26,"Display2",12006.7310232536
2015-11-02,"Display2",10085.5008591363
2015-11-09,"Display2",9230.82107934479
2015-11-16,"Display2",9921.29336117122
2015-11-23,"Display2",10141.1650213305
2015-11-30,"Display2",10251.7099221481
2015-12-07,"Display2",12305.5369909867
2015-12-14,"Display2",10689.8069572702
2015-12-21,"Display2",11131.3661219428
2015-12-28,"Display2",10927.3653632814
2016-01-04,"Display2",11930.0415255277
2016-01-11,"Display2",9992.61394211644
2016-01-18,"Display2",11118.2117279815
2016-01-25,"Display2",10759.4891968243
2016-02-01,"Display2",9236.97835033442
2016-02-08,"Display2",9492.48099106351
2016-02-15,"Display2",9710.8564765567
2016-02-22,"Display2",10260.5639781227
2016-02-29,"Display2",11104.2350131948
2016-03-07,"Display2",11422.0877610561
2016-03-14,"Display2",10676.9618238723
2016-03-21,"Display2",11546.0538581281
2016-03-28,"Display2",9627.45364146028
2016-04-04,"Display2",11201.3113288495
2016-04-11,"Display2",9372.09015428856
2016-04-18,"Display2",10588.2925196929
2016-04-25,"Display2",11019.2724529887
2016-05-02,"Display2",9817.96828380214
2016-05-09,"Display2",12024.4059903595
2016-05-16,"Display2",10923.8374918926
2016-05-23,"Display2",10700.2747014466
2016-05-30,"Display2",11187.6375743669
2016-06-06,"Display2",9616.23753602646
2016-06-13,"Display2",9993.57788181804
2016-06-20,"Display2",10628.2575309415
2016-06-27,"Display2",10976.8314397615
2016-07-04,"Display2",11867.3396995615
2016-07-11,"Display2",10631.3575325337
2016-07-18,"Display2",12273.2533656751
2016-07-25,"Display2",11556.7081447702
2016-08-01,"Display2",11241.3771442499
2016-08-08,"Display2",11233.9302375356
2016-08-15,"Display2",11039.8219819669
2016-08-22,"Display2",8051.74449955469
2016-08-29,"Display2",9557.07399057331
2016-09-05,"Display2",12325.1951702096
2016-09-12,"Display2",9223.72616538881
2016-09-19,"Display2",10661.401004711
2016-09-26,"Display2",11997.3567849848
2016-10-03,"Display2",11448.7775777157
2016-10-10,"Display2",9703.88921133643
2016-10-17,"Display2",10728.2878465229
2016-10-24,"Display2",10979.1329519447
2016-10-31,"Display2",9696.4088858544
2016-11-07,"Display2",11892.7300192207
2016-11-14,"Display2",10764.2557540131
2016-11-21,"Display2",11894.8970345601
2016-11-28,"Display2",11089.5408905995
2016-12-05,"Display2",12032.0202648367
2016-12-12,"Display2",11751.9074409276
2016-12-19,"Display2",11269.2533271634
2016-12-26,"Display2",10605.4133378882
2017-01-02,"Display2",8614.35082368634
2017-01-09,"Display2",10151.9187425028
2017-01-16,"Display2",9892.18150562513
2017-01-23,"Display2",12336.7142359474
2017-01-30,"Display2",11185.968279527
2017-02-06,"Display2",11496.9436093468
2017-02-13,"Display2",10717.7938056112
2017-02-20,"Display2",10275.8117017799
2017-02-27,"Display2",12326.4965846802
2017-03-06,"Display2",9815.64485767285
2017-03-13,"Display2",10908.0794472169
2017-03-20,"Display2",9838.80789864106
2017-03-27,"Display2",10946.6000554969
2017-04-03,"Display2",9132.83204783734
2017-04-10,"Display2",10088.2751647054
2017-04-17,"Display2",9908.95087891075
2017-04-24,"Display2",11165.7244500961
2017-05-01,"Display2",11146.0131295541
2017-05-08,"Display2",10452.5400067413
2017-05-15,"Display2",9708.78533473124
2017-05-22,"Display2",11875.1829747748
2017-05-29,"Display2",7928.65386462716
2017-06-05,"Display2",11505.533876196
2017-06-12,"Display2",11452.4131013644
2017-06-19,"Display2",9146.92545438671
2017-06-26,"Display2",11490.4376326908
2017-07-03,"Display2",9580.96621809612
2017-07-10,"Display2",12008.6904039543
2017-07-17,"Display2",10593.6000774247
2017-07-24,"Display2",9719.36045724329
2017-07-31,"Display2",10071.3592419056
2017-08-07,"Display2",8459.57426632555
2017-08-14,"Display2",10228.3948531792
2017-08-21,"Display2",11276.1041745453
2017-08-28,"Display2",10257.3089353622
2017-09-04,"Display2",11381.6565306054
2017-09-11,"Display2",10069.0881353225
2017-09-18,"Display2",10052.277673388
2017-09-25,"Display2",10345.7999148057
2017-10-02,"Display2",12039.1132613224
2017-10-09,"Display2",11263.7857976255
2017-10-16,"Display2",11482.4330160496
2017-10-23,"Display2",11581.9724592397
2017-10-30,"Display2",11179.9635843867
2017-11-06,"Display2",9878.40311205014
2017-11-13,"Display2",11195.5690532131
2017-11-20,"Display2",10200.6690547203
2017-11-27,"Display2",10520.9816430251
2017-12-04,"Display2",9566.51068358839
2017-12-11,"Display2",9316.9891805076
2017-12-18,"Display2",9942.19816999962
2017-12-25,"Display2",10901.146148613
2014-01-06,"Facebook1",4388.3004498911
2014-01-13,"Facebook1",4168.05845960709
2014-01-20,"Facebook1",3934.13889454279
2014-01-27,"Facebook1",1849.55070749998
2014-02-03,"Facebook1",3992.36270348799
2014-02-10,"Facebook1",3730.39201624133
2014-02-17,"Facebook1",3220.34345908465
2014-02-24,"Facebook1",3511.71323413276
2014-03-03,"Facebook1",2664.07017857287
2014-03-10,"Facebook1",3486.99846665831
2014-03-17,"Facebook1",2656.98719139895
2014-03-24,"Facebook1",0
2014-03-31,"Facebook1",2938.01972041234
2014-04-07,"Facebook1",0
2014-04-14,"Facebook1",4577.85978754612
2014-04-21,"Facebook1",2583.01254831241
2014-04-28,"Facebook1",4171.07102789934
2014-05-05,"Facebook1",5818.08833967847
2014-05-12,"Facebook1",6924.4829999225
2014-05-19,"Facebook1",2511.77237003271
2014-05-26,"Facebook1",3677.73963439315
2014-06-02,"Facebook1",2900.6435527487
2014-06-09,"Facebook1",1585.01198189439
2014-06-16,"Facebook1",0
2014-06-23,"Facebook1",0
2014-06-30,"Facebook1",0
2014-07-07,"Facebook1",6175.70977787874
2014-07-14,"Facebook1",1.24552076659065
2014-07-21,"Facebook1",1664.69351577654
2014-07-28,"Facebook1",1198.94795515807
2014-08-04,"Facebook1",806.81598736027
2014-08-11,"Facebook1",1504.88912012945
2014-08-18,"Facebook1",1.05069537158096
2014-08-25,"Facebook1",1.31445249361281
2014-09-01,"Facebook1",1.94997147140933
2014-09-08,"Facebook1",6636.46388961294
2014-09-15,"Facebook1",5724.76714062165
2014-09-22,"Facebook1",3163.12564292942
2014-09-29,"Facebook1",1616.47321490911
2014-10-06,"Facebook1",5507.19243684389
2014-10-13,"Facebook1",5119.5717119116
2014-10-20,"Facebook1",6480.15819828941
2014-10-27,"Facebook1",2468.62524383623
2014-11-03,"Facebook1",5557.45076526501
2014-11-10,"Facebook1",4407.18911777503
2014-11-17,"Facebook1",1696.54333381346
2014-11-24,"Facebook1",8537.2546783389
2014-12-01,"Facebook1",9672.5516408367
2014-12-08,"Facebook1",5601.88355535392
2014-12-15,"Facebook1",8371.5123169218
2014-12-22,"Facebook1",12040.6037165215
2014-12-29,"Facebook1",10847.3042926038
2015-01-05,"Facebook1",5142.23844375405
2015-01-12,"Facebook1",0
2015-01-19,"Facebook1",0
2015-01-26,"Facebook1",0
2015-02-02,"Facebook1",4430.90930265563
2015-02-09,"Facebook1",4656.14696565236
2015-02-16,"Facebook1",3859.13243975674
2015-02-23,"Facebook1",4220.92691356369
2015-03-02,"Facebook1",3679.03210842515
2015-03-09,"Facebook1",2460.78755648072
2015-03-16,"Facebook1",3952.26872373616
2015-03-23,"Facebook1",0
2015-03-30,"Facebook1",0
2015-04-06,"Facebook1",0
2015-04-13,"Facebook1",4577.85978754612
2015-04-20,"Facebook1",2583.01254831241
2015-04-27,"Facebook1",4171.07102789934
2015-05-04,"Facebook1",5818.08833967847
2015-05-11,"Facebook1",6924.4829999225
2015-05-18,"Facebook1",5412.26498850159
2015-05-25,"Facebook1",3947.33007424948
2015-06-01,"Facebook1",0
2015-06-08,"Facebook1",0
2015-06-15,"Facebook1",3295.59640802903
2015-06-22,"Facebook1",0
2015-06-29,"Facebook1",7916.3267417016
2015-07-06,"Facebook1",6444.75182931845
2015-07-13,"Facebook1",2838.27022964795
2015-07-20,"Facebook1",10389.8586648885
2015-07-27,"Facebook1",11679.4135164215
2015-08-03,"Facebook1",12069.3476144148
2015-08-10,"Facebook1",7458.75100280047
2015-08-17,"Facebook1",5793.94255756655
2015-08-24,"Facebook1",2901.15055915946
2015-08-31,"Facebook1",8142.37923764142
2015-09-07,"Facebook1",7061.37958581417
2015-09-14,"Facebook1",7954.88794869121
2015-09-21,"Facebook1",10732.3706514904
2015-09-28,"Facebook1",9374.92834127948
2015-10-05,"Facebook1",7758.29052349796
2015-10-12,"Facebook1",8347.41470742435
2015-10-19,"Facebook1",8263.52388023844
2015-10-26,"Facebook1",6299.80983910466
2015-11-02,"Facebook1",10966.1788612641
2015-11-09,"Facebook1",14747.5369639446
2015-11-16,"Facebook1",18588.138891594
2015-11-23,"Facebook1",3056.43139489132
2015-11-30,"Facebook1",7571.10913855813
2015-12-07,"Facebook1",10845.5773028844
2015-12-14,"Facebook1",10022.1334322381
2015-12-21,"Facebook1",10535.7914548564
2015-12-28,"Facebook1",7421.57108537031
2016-01-04,"Facebook1",5171.78182633473
2016-01-11,"Facebook1",6221.18698022428
2016-01-18,"Facebook1",6096.84779726584
2016-01-25,"Facebook1",9405.03578125151
2016-02-01,"Facebook1",8134.47752983418
2016-02-08,"Facebook1",7464.40598542732
2016-02-15,"Facebook1",7648.1965263191
2016-02-22,"Facebook1",10793.1345407302
2016-02-29,"Facebook1",12117.8193199367
2016-03-07,"Facebook1",11122.869677545
2016-03-14,"Facebook1",7827.92189804737
2016-03-21,"Facebook1",8260.01595729877
2016-03-28,"Facebook1",5742.0315866193
2016-04-04,"Facebook1",8638.66325993215
2016-04-11,"Facebook1",10570.5213369423
2016-04-18,"Facebook1",8299.71401558068
2016-04-25,"Facebook1",9327.04301293167
2016-05-02,"Facebook1",10759.8987364504
2016-05-09,"Facebook1",11375.0189346614
2016-05-16,"Facebook1",16820.4850013847
2016-05-23,"Facebook1",6889.21194868187
2016-05-30,"Facebook1",5078.76705786011
2016-06-06,"Facebook1",9297.06347509045
2016-06-13,"Facebook1",9172.68430093654
2016-06-20,"Facebook1",9887.5597957487
2016-06-27,"Facebook1",10538.4692325754
2016-07-04,"Facebook1",11783.5871678458
2016-07-11,"Facebook1",12202.8839869813
2016-07-18,"Facebook1",11223.6107821963
2016-07-25,"Facebook1",11313.3717317709
2016-08-01,"Facebook1",12083.953035505
2016-08-08,"Facebook1",12690.3024009911
2016-08-15,"Facebook1",12130.687615764
2016-08-22,"Facebook1",6965.49607302745
2016-08-29,"Facebook1",9102.1452175315
2016-09-05,"Facebook1",9028.19396123521
2016-09-12,"Facebook1",8847.25237978667
2016-09-19,"Facebook1",9775.65819324509
2016-09-26,"Facebook1",10940.029261628
2016-10-03,"Facebook1",10343.836728473
2016-10-10,"Facebook1",8190.24897411043
2016-10-17,"Facebook1",8294.79218122806
2016-10-24,"Facebook1",8144.40799106993
2016-10-31,"Facebook1",7454.2644129486
2016-11-07,"Facebook1",23613.4638669048
2016-11-14,"Facebook1",30319.727637049
2016-11-21,"Facebook1",15352.3624309228
2016-11-28,"Facebook1",10432.6157844141
2016-12-05,"Facebook1",12694.7491291687
2016-12-12,"Facebook1",15811.8417050876
2016-12-19,"Facebook1",16125.8043325002
2016-12-26,"Facebook1",12877.6149045035
2017-01-02,"Facebook1",4388.3004498911
2017-01-09,"Facebook1",4168.05845960709
2017-01-16,"Facebook1",3934.13889454279
2017-01-23,"Facebook1",5172.34786560518
2017-01-30,"Facebook1",6055.04157367428
2017-02-06,"Facebook1",5389.0143712252
2017-02-13,"Facebook1",5360.87293785456
2017-02-20,"Facebook1",5700.79360621355
2017-02-27,"Facebook1",5151.70266381755
2017-03-06,"Facebook1",4720.58840427439
2017-03-13,"Facebook1",4660.70789755769
2017-03-20,"Facebook1",3502.1033747372
2017-03-27,"Facebook1",6875.54091163556
2017-04-03,"Facebook1",8203.25859189825
2017-04-10,"Facebook1",8446.45214849788
2017-04-17,"Facebook1",9231.93178539186
2017-04-24,"Facebook1",9645.20896334002
2017-05-01,"Facebook1",9303.5935303282
2017-05-08,"Facebook1",10056.3349667348
2017-05-15,"Facebook1",10957.2175604997
2017-05-22,"Facebook1",16151.1743895936
2017-05-29,"Facebook1",7051.83500815959
2017-06-05,"Facebook1",7869.40809956006
2017-06-12,"Facebook1",12938.4368521106
2017-06-19,"Facebook1",5697.77268997511
2017-06-26,"Facebook1",9135.85293107555
2017-07-03,"Facebook1",4798.11673443855
2017-07-10,"Facebook1",4985.97756880262
2017-07-17,"Facebook1",2905.86241403721
2017-07-24,"Facebook1",2948.58137725016
2017-07-31,"Facebook1",11173.7582990319
2017-08-07,"Facebook1",4125.58067915758
2017-08-14,"Facebook1",5597.4629297989
2017-08-21,"Facebook1",0
2017-08-28,"Facebook1",4502.01330898221
2017-09-04,"Facebook1",6433.78757861586
2017-09-11,"Facebook1",7278.883886626
2017-09-18,"Facebook1",6040.7373457835
2017-09-25,"Facebook1",6830.45558476607
2017-10-02,"Facebook1",0
2017-10-09,"Facebook1",7084.01516268149
2017-10-16,"Facebook1",0
2017-10-23,"Facebook1",7334.56188447989
2017-10-30,"Facebook1",5435.28511776052
2017-11-06,"Facebook1",12196.1284313181
2017-11-13,"Facebook1",10488.6790943114
2017-11-20,"Facebook1",7245.40802415526
2017-11-27,"Facebook1",3035.72397361265
2017-12-04,"Facebook1",5395.74627386021
2017-12-11,"Facebook1",17188.8831971226
2017-12-18,"Facebook1",22496.0629911071
2017-12-25,"Facebook1",10488.6790943114
2014-01-06,"Comp.Media.Spend",-14728.3828947039
2014-01-13,"Comp.Media.Spend",-14728.3828947039
2014-01-20,"Comp.Media.Spend",-14728.3828947039
2014-01-27,"Comp.Media.Spend",-14728.3828947039
2014-02-03,"Comp.Media.Spend",-12236.3430339798
2014-02-10,"Comp.Media.Spend",-12236.3430339798
2014-02-17,"Comp.Media.Spend",-12236.3430339798
2014-02-24,"Comp.Media.Spend",-12236.3430339798
2014-03-03,"Comp.Media.Spend",-12236.3430339798
2014-03-10,"Comp.Media.Spend",-12236.3430339798
2014-03-17,"Comp.Media.Spend",-12236.3430339798
2014-03-24,"Comp.Media.Spend",-12236.3430339798
2014-03-31,"Comp.Media.Spend",-12236.3430339798
2014-04-07,"Comp.Media.Spend",-13818.3901630209
2014-04-14,"Comp.Media.Spend",-13818.3901630209
2014-04-21,"Comp.Media.Spend",-13818.3901630209
2014-04-28,"Comp.Media.Spend",-13818.3901630209
2014-05-05,"Comp.Media.Spend",-9800.14584355653
2014-05-12,"Comp.Media.Spend",-9800.14584355653
2014-05-19,"Comp.Media.Spend",-9800.14584355653
2014-05-26,"Comp.Media.Spend",-9800.14584355653
2014-06-02,"Comp.Media.Spend",-15757.3447935492
2014-06-09,"Comp.Media.Spend",-15757.3447935492
2014-06-16,"Comp.Media.Spend",-15757.3447935492
2014-06-23,"Comp.Media.Spend",-15757.3447935492
2014-06-30,"Comp.Media.Spend",-15757.3447935492
2014-07-07,"Comp.Media.Spend",-7404.25249343722
2014-07-14,"Comp.Media.Spend",-7404.25249343722
2014-07-21,"Comp.Media.Spend",-7404.25249343722
2014-07-28,"Comp.Media.Spend",-7404.25249343722
2014-08-04,"Comp.Media.Spend",-9784.60701355981
2014-08-11,"Comp.Media.Spend",-9784.60701355981
2014-08-18,"Comp.Media.Spend",-9784.60701355981
2014-08-25,"Comp.Media.Spend",-9784.60701355981
2014-09-01,"Comp.Media.Spend",-15793.763926354
2014-09-08,"Comp.Media.Spend",-15793.763926354
2014-09-15,"Comp.Media.Spend",-15793.763926354
2014-09-22,"Comp.Media.Spend",-15793.763926354
2014-09-29,"Comp.Media.Spend",-15793.763926354
2014-10-06,"Comp.Media.Spend",-17109.7085917012
2014-10-13,"Comp.Media.Spend",-17109.7085917012
2014-10-20,"Comp.Media.Spend",-17109.7085917012
2014-10-27,"Comp.Media.Spend",-17109.7085917012
2014-11-03,"Comp.Media.Spend",-17159.2386123158
2014-11-10,"Comp.Media.Spend",-17159.2386123158
2014-11-17,"Comp.Media.Spend",-17159.2386123158
2014-11-24,"Comp.Media.Spend",-17159.2386123158
2014-12-01,"Comp.Media.Spend",-17214.1101057417
2014-12-08,"Comp.Media.Spend",-17214.1101057417
2014-12-15,"Comp.Media.Spend",-17214.1101057417
2014-12-22,"Comp.Media.Spend",-17214.1101057417
2014-12-29,"Comp.Media.Spend",-17214.1101057417
2015-01-05,"Comp.Media.Spend",-17076.2029895208
2015-01-12,"Comp.Media.Spend",-17076.2029895208
2015-01-19,"Comp.Media.Spend",-17076.2029895208
2015-01-26,"Comp.Media.Spend",-17076.2029895208
2015-02-02,"Comp.Media.Spend",-14788.5958609411
2015-02-09,"Comp.Media.Spend",-14788.5958609411
2015-02-16,"Comp.Media.Spend",-14788.5958609411
2015-02-23,"Comp.Media.Spend",-14788.5958609411
2015-03-02,"Comp.Media.Spend",-14681.2808162763
2015-03-09,"Comp.Media.Spend",-14681.2808162763
2015-03-16,"Comp.Media.Spend",-14681.2808162763
2015-03-23,"Comp.Media.Spend",-14681.2808162763
2015-03-30,"Comp.Media.Spend",-14681.2808162763
2015-04-06,"Comp.Media.Spend",-14684.1943469007
2015-04-13,"Comp.Media.Spend",-14684.1943469007
2015-04-20,"Comp.Media.Spend",-14684.1943469007
2015-04-27,"Comp.Media.Spend",-14684.1943469007
2015-05-04,"Comp.Media.Spend",-14702.6467075218
2015-05-11,"Comp.Media.Spend",-14702.6467075218
2015-05-18,"Comp.Media.Spend",-14702.6467075218
2015-05-25,"Comp.Media.Spend",-14702.6467075218
2015-06-01,"Comp.Media.Spend",-9838.99291854833
2015-06-08,"Comp.Media.Spend",-9838.99291854833
2015-06-15,"Comp.Media.Spend",-9838.99291854833
2015-06-22,"Comp.Media.Spend",-9838.99291854833
2015-06-29,"Comp.Media.Spend",-9838.99291854833
2015-07-06,"Comp.Media.Spend",-9911.83118415796
2015-07-13,"Comp.Media.Spend",-9911.83118415796
2015-07-20,"Comp.Media.Spend",-9911.83118415796
2015-07-27,"Comp.Media.Spend",-9911.83118415796
2015-08-03,"Comp.Media.Spend",-9896.29235416124
2015-08-10,"Comp.Media.Spend",-9896.29235416124
2015-08-17,"Comp.Media.Spend",-9896.29235416124
2015-08-24,"Comp.Media.Spend",-9896.29235416124
2015-08-31,"Comp.Media.Spend",-9896.29235416124
2015-09-07,"Comp.Media.Spend",-17104.8527073273
2015-09-14,"Comp.Media.Spend",-17104.8527073273
2015-09-21,"Comp.Media.Spend",-17104.8527073273
2015-09-28,"Comp.Media.Spend",-17104.8527073273
2015-10-05,"Comp.Media.Spend",-17150.98360888
2015-10-12,"Comp.Media.Spend",-17150.98360888
2015-10-19,"Comp.Media.Spend",-17150.98360888
2015-10-26,"Comp.Media.Spend",-17150.98360888
2015-11-02,"Comp.Media.Spend",-17157.7818470036
2015-11-09,"Comp.Media.Spend",-17157.7818470036
2015-11-16,"Comp.Media.Spend",-17157.7818470036
2015-11-23,"Comp.Media.Spend",-17157.7818470036
2015-11-30,"Comp.Media.Spend",-17157.7818470036
2015-12-07,"Comp.Media.Spend",-17091.2562310801
2015-12-14,"Comp.Media.Spend",-17091.2562310801
2015-12-21,"Comp.Media.Spend",-17091.2562310801
2015-12-28,"Comp.Media.Spend",-17091.2562310801
2016-01-04,"Comp.Media.Spend",-17110.679768576
2016-01-11,"Comp.Media.Spend",-17110.679768576
2016-01-18,"Comp.Media.Spend",-17110.679768576
2016-01-25,"Comp.Media.Spend",-17110.679768576
2016-02-01,"Comp.Media.Spend",-9862.30116354341
2016-02-08,"Comp.Media.Spend",-9862.30116354341
2016-02-15,"Comp.Media.Spend",-9862.30116354341
2016-02-22,"Comp.Media.Spend",-9862.30116354341
2016-02-29,"Comp.Media.Spend",-9862.30116354341
2016-03-07,"Comp.Media.Spend",-9920.08618759372
2016-03-14,"Comp.Media.Spend",-9920.08618759372
2016-03-21,"Comp.Media.Spend",-9920.08618759372
2016-03-28,"Comp.Media.Spend",-9920.08618759372
2016-04-04,"Comp.Media.Spend",-9881.23911260192
2016-04-11,"Comp.Media.Spend",-9881.23911260192
2016-04-18,"Comp.Media.Spend",-9881.23911260192
2016-04-25,"Comp.Media.Spend",-9881.23911260192
2016-05-02,"Comp.Media.Spend",-9766.15465293871
2016-05-09,"Comp.Media.Spend",-9766.15465293871
2016-05-16,"Comp.Media.Spend",-9766.15465293871
2016-05-23,"Comp.Media.Spend",-9766.15465293871
2016-05-30,"Comp.Media.Spend",-9766.15465293871
2016-06-06,"Comp.Media.Spend",-9846.76233354669
2016-06-13,"Comp.Media.Spend",-9846.76233354669
2016-06-20,"Comp.Media.Spend",-9846.76233354669
2016-06-27,"Comp.Media.Spend",-9846.76233354669
2016-07-04,"Comp.Media.Spend",-9846.76233354669
2016-07-11,"Comp.Media.Spend",-9846.76233354669
2016-07-18,"Comp.Media.Spend",-9846.76233354669
2016-07-25,"Comp.Media.Spend",-9846.76233354669
2016-08-01,"Comp.Media.Spend",-9765.66906450131
2016-08-08,"Comp.Media.Spend",-9765.66906450131
2016-08-15,"Comp.Media.Spend",-9765.66906450131
2016-08-22,"Comp.Media.Spend",-9765.66906450131
2016-08-29,"Comp.Media.Spend",-9765.66906450131
2016-09-05,"Comp.Media.Spend",-9931.25472165386
2016-09-12,"Comp.Media.Spend",-9931.25472165386
2016-09-19,"Comp.Media.Spend",-9931.25472165386
2016-09-26,"Comp.Media.Spend",-9931.25472165386
2016-10-03,"Comp.Media.Spend",-9895.80676572384
2016-10-10,"Comp.Media.Spend",-9895.80676572384
2016-10-17,"Comp.Media.Spend",-9895.80676572384
2016-10-24,"Comp.Media.Spend",-9895.80676572384
2016-10-31,"Comp.Media.Spend",-9895.80676572384
2016-11-07,"Comp.Media.Spend",-14669.1411053414
2016-11-14,"Comp.Media.Spend",-14669.1411053414
2016-11-21,"Comp.Media.Spend",-14669.1411053414
2016-11-28,"Comp.Media.Spend",-14669.1411053414
2016-12-05,"Comp.Media.Spend",-19528.4245983782
2016-12-12,"Comp.Media.Spend",-19528.4245983782
2016-12-19,"Comp.Media.Spend",-19528.4245983782
2016-12-26,"Comp.Media.Spend",-19528.4245983782
2017-01-02,"Comp.Media.Spend",-19606.1187483618
2017-01-09,"Comp.Media.Spend",-19606.1187483618
2017-01-16,"Comp.Media.Spend",-19606.1187483618
2017-01-23,"Comp.Media.Spend",-19606.1187483618
2017-01-30,"Comp.Media.Spend",-19606.1187483618
2017-02-06,"Comp.Media.Spend",-19579.8969727424
2017-02-13,"Comp.Media.Spend",-19579.8969727424
2017-02-20,"Comp.Media.Spend",-19579.8969727424
2017-02-27,"Comp.Media.Spend",-19579.8969727424
2017-03-06,"Comp.Media.Spend",-19539.107544001
2017-03-13,"Comp.Media.Spend",-19539.107544001
2017-03-20,"Comp.Media.Spend",-19539.107544001
2017-03-27,"Comp.Media.Spend",-19539.107544001
2017-04-03,"Comp.Media.Spend",-17232.5624663628
2017-04-10,"Comp.Media.Spend",-17232.5624663628
2017-04-17,"Comp.Media.Spend",-17232.5624663628
2017-04-24,"Comp.Media.Spend",-17232.5624663628
2017-05-01,"Comp.Media.Spend",-19752.7664564559
2017-05-08,"Comp.Media.Spend",-19752.7664564559
2017-05-15,"Comp.Media.Spend",-19752.7664564559
2017-05-22,"Comp.Media.Spend",-19752.7664564559
2017-05-29,"Comp.Media.Spend",-19752.7664564559
2017-06-05,"Comp.Media.Spend",-12360.6536739536
2017-06-12,"Comp.Media.Spend",-12360.6536739536
2017-06-19,"Comp.Media.Spend",-12360.6536739536
2017-06-26,"Comp.Media.Spend",-12360.6536739536
2017-07-03,"Comp.Media.Spend",-12205.7509624238
2017-07-10,"Comp.Media.Spend",-12205.7509624238
2017-07-17,"Comp.Media.Spend",-12205.7509624238
2017-07-24,"Comp.Media.Spend",-12205.7509624238
2017-07-31,"Comp.Media.Spend",-12205.7509624238
2017-08-07,"Comp.Media.Spend",-12292.6712927179
2017-08-14,"Comp.Media.Spend",-12292.6712927179
2017-08-21,"Comp.Media.Spend",-12292.6712927179
2017-08-28,"Comp.Media.Spend",-12292.6712927179
2017-09-04,"Comp.Media.Spend",-12285.387466157
2017-09-11,"Comp.Media.Spend",-12285.387466157
2017-09-18,"Comp.Media.Spend",-12285.387466157
2017-09-25,"Comp.Media.Spend",-12285.387466157
2017-10-02,"Comp.Media.Spend",-14799.7643950013
2017-10-09,"Comp.Media.Spend",-14799.7643950013
2017-10-16,"Comp.Media.Spend",-14799.7643950013
2017-10-23,"Comp.Media.Spend",-14799.7643950013
2017-10-30,"Comp.Media.Spend",-14799.7643950013
2017-11-06,"Comp.Media.Spend",-9868.12822479218
2017-11-13,"Comp.Media.Spend",-9868.12822479218
2017-11-20,"Comp.Media.Spend",-9868.12822479218
2017-11-27,"Comp.Media.Spend",-9868.12822479218
2017-12-04,"Comp.Media.Spend",-9921.54295290591
2017-12-11,"Comp.Media.Spend",-9921.54295290591
2017-12-18,"Comp.Media.Spend",-9921.54295290591
2017-12-25,"Comp.Media.Spend",-9921.54295290591
